date,ad_id,impressions,clicks,cost,conversions,revenue
2025-09-01,1,3334,39,28.77,0,0.0
2025-09-01,2,3511,46,34.63,0,0.0
2025-09-01,3,3768,42,52.51,0,0.0
2025-09-01,4,4112,50,43.27,0,0.0
2025-09-01,5,1906,47,56.16,1,141.76
2025-09-01,6,1587,31,26.81,0,0.0
2025-09-01,7,1853,38,32.41,0,0.0
2025-09-01,8,2199,49,40.68,1,174.04
2025-09-01,9,1135,24,35.32,1,143.36
2025-09-01,10,1005,18,25.09,0,0.0
2025-09-01,11,1256,24,27.24,1,114.86
2025-09-01,12,1575,37,24.1,1,77.89
2025-09-01,13,3936,37,18.84,0,0.0
2025-09-01,14,3768,39,19.74,0,0.0
2025-09-01,15,3152,31,25.57,0,0.0
2025-09-01,16,4261,41,16.42,0,0.0
2025-09-01,17,1527,26,11.48,0,0.0
2025-09-01,18,1772,25,21.87,0,0.0
2025-09-01,19,1388,22,6.88,0,0.0
2025-09-01,20,1244,24,23.1,0,0.0
2025-09-01,21,919,11,8.28,0,0.0
2025-09-01,22,749,10,7.78,0,0.0
2025-09-01,23,1294,19,8.48,0,0.0
2025-09-01,24,1115,14,9.87,0,0.0
2025-09-01,25,4256,24,11.86,0,0.0
2025-09-01,26,2418,16,7.11,0,0.0
2025-09-01,27,3847,31,10.15,0,0.0
2025-09-01,28,3979,22,16.18,0,0.0
2025-09-01,29,1795,19,13.41,0,0.0
2025-09-01,30,2165,29,11.07,0,0.0
2025-09-01,31,1722,20,8.07,0,0.0
2025-09-01,32,1653,22,12.28,0,0.0
2025-09-01,33,1194,12,7.97,0,0.0
2025-09-01,34,1176,12,4.65,0,0.0
2025-09-01,35,888,10,3.61,0,0.0
2025-09-01,36,1720,19,6.15,0,0.0
2025-09-02,1,3753,53,38.44,0,0.0
2025-09-02,2,2785,39,27.3,0,0.0
2025-09-02,3,4700,74,99.53,1,99.66
2025-09-02,4,3292,42,21.25,0,0.0
2025-09-02,5,1970,49,59.6,1,150.59
2025-09-02,6,2172,45,23.77,0,0.0
2025-09-02,7,1190,25,36.26,0,0.0
2025-09-02,8,1884,47,24.31,1,176.22
2025-09-02,9,1124,19,15.01,0,0.0
2025-09-02,10,1502,33,45.22,1,88.3
2025-09-02,11,1390,29,34.89,1,122.98
2025-09-02,12,879,16,23.21,0,0.0
2025-09-02,13,4632,55,33.42,0,0.0
2025-09-02,14,4364,44,15.26,0,0.0
2025-09-02,15,3793,35,11.67,0,0.0
2025-09-02,16,4949,45,30.3,0,0.0
2025-09-02,17,2401,39,25.78,0,0.0
2025-09-02,18,2003,29,23.74,0,0.0
2025-09-02,19,2091,44,33.95,0,0.0
2025-09-02,20,1612,30,15.7,0,0.0
2025-09-02,21,1182,15,13.82,0,0.0
2025-09-02,22,1137,14,7.39,0,0.0
2025-09-02,23,908,14,9.99,0,0.0
2025-09-02,24,1255,20,11.38,0,0.0
2025-09-02,25,3997,27,7.61,0,0.0
2025-09-02,26,3634,22,11.54,0,0.0
2025-09-02,27,3872,25,5.81,0,0.0
2025-09-02,28,4669,26,10.01,0,0.0
2025-09-02,29,2110,20,8.39,0,0.0
2025-09-02,30,1614,16,10.37,0,0.0
2025-09-02,31,2481,26,12.31,0,0.0
2025-09-02,32,1572,20,12.17,0,0.0
2025-09-02,33,1399,13,5.03,0,0.0
2025-09-02,34,1794,15,7.96,0,0.0
2025-09-02,35,1298,15,4.81,0,0.0
2025-09-02,36,1394,16,4.65,0,0.0
2025-09-03,1,4738,76,52.64,1,40.37
2025-09-03,2,3285,55,73.82,0,0.0
2025-09-03,3,3414,53,69.19,0,0.0
2025-09-03,4,3405,45,55.9,0,0.0
2025-09-03,5,2214,46,63.1,1,149.7
2025-09-03,6,2324,58,42.51,1,172.52
2025-09-03,7,2000,48,63.02,1,149.99
2025-09-03,8,2147,45,32.12,0,0.0
2025-09-03,9,1618,34,49.16,1,151.02
2025-09-03,10,1186,25,23.99,1,84.85
2025-09-03,11,1274,21,14.61,0,0.0
2025-09-03,12,1176,25,14.72,1,89.55
2025-09-03,13,4561,42,39.75,0,0.0
2025-09-03,14,4040,41,20.91,0,0.0
2025-09-03,15,2648,28,22.57,0,0.0
2025-09-03,16,4415,53,29.34,0,0.0
2025-09-03,17,2149,37,15.11,0,0.0
2025-09-03,18,1586,26,8.58,0,0.0
2025-09-03,19,1944,37,13.33,0,0.0
2025-09-03,20,1476,23,10.98,0,0.0
2025-09-03,21,1734,21,9.37,0,0.0
2025-09-03,22,1495,25,24.63,1,127.73
2025-09-03,23,1410,21,11.12,0,0.0
2025-09-03,24,1078,18,10.25,0,0.0
2025-09-03,25,4281,36,16.68,0,0.0
2025-09-03,26,2244,17,12.94,0,0.0
2025-09-03,27,4119,25,9.94,0,0.0
2025-09-03,28,4503,35,20.8,0,0.0
2025-09-03,29,1463,16,3.51,0,0.0
2025-09-03,30,1939,21,10.16,0,0.0
2025-09-03,31,1780,17,10.78,0,0.0
2025-09-03,32,1669,23,11.02,0,0.0
2025-09-03,33,974,9,2.76,0,0.0
2025-09-03,34,795,9,5.45,0,0.0
2025-09-03,35,978,8,2.76,0,0.0
2025-09-03,36,1064,9,6.02,0,0.0
2025-09-04,1,3313,44,31.06,0,0.0
2025-09-04,2,4134,48,38.92,0,0.0
2025-09-04,3,3749,47,34.07,0,0.0
2025-09-04,4,3570,59,49.8,0,0.0
2025-09-04,5,1800,46,53.85,1,155.02
2025-09-04,6,1864,40,40.14,1,158.51
2025-09-04,7,2562,66,76.16,1,153.92
2025-09-04,8,2167,62,74.76,1,146.67
2025-09-04,9,1296,30,20.78,1,157.73
2025-09-04,10,1393,31,21.41,1,78.55
2025-09-04,11,1256,26,32.94,1,133.26
2025-09-04,12,1243,30,43.37,1,94.04
2025-09-04,13,2747,29,9.19,0,0.0
2025-09-04,14,2914,25,20.54,0,0.0
2025-09-04,15,3680,40,18.66,0,0.0
2025-09-04,16,3460,34,22.22,0,0.0
2025-09-04,17,2091,31,21.05,0,0.0
2025-09-04,18,2031,39,14.56,0,0.0
2025-09-04,19,1824,40,25.24,0,0.0
2025-09-04,20,1214,21,15.63,0,0.0
2025-09-04,21,1490,18,14.64,0,0.0
2025-09-04,22,1473,24,23.61,0,0.0
2025-09-04,23,1096,15,10.85,0,0.0
2025-09-04,24,1429,24,23.55,0,0.0
2025-09-04,25,4981,42,12.14,0,0.0
2025-09-04,26,3011,25,18.02,0,0.0
2025-09-04,27,4379,31,13.05,0,0.0
2025-09-04,28,3540,26,15.42,0,0.0
2025-09-04,29,1763,25,17.79,0,0.0
2025-09-04,30,1140,12,3.95,0,0.0
2025-09-04,31,2235,26,15.63,0,0.0
2025-09-04,32,1668,18,13.71,0,0.0
2025-09-04,33,1229,13,10.17,0,0.0
2025-09-04,34,1218,13,7.63,0,0.0
2025-09-04,35,1544,13,9.92,0,0.0
2025-09-04,36,936,10,7.41,0,0.0
2025-09-05,1,4363,63,62.5,0,0.0
2025-09-05,2,4421,66,57.95,0,0.0
2025-09-05,3,3356,43,22.74,0,0.0
2025-09-05,4,4657,69,99.07,1,80.26
2025-09-05,5,1794,44,36.79,1,140.22
2025-09-05,6,1265,31,19.98,0,0.0
2025-09-05,7,2045,43,24.07,1,137.89
2025-09-05,8,2488,62,80.93,1,164.15
2025-09-05,9,853,16,15.81,0,0.0
2025-09-05,10,1071,17,9.76,0,0.0
2025-09-05,11,1074,18,15.91,0,0.0
2025-09-05,12,1887,31,26.26,1,81.52
2025-09-05,13,2687,25,11.6,0,0.0
2025-09-05,14,2676,29,18.68,0,0.0
2025-09-05,15,3646,43,36.59,0,0.0
2025-09-05,16,4500,44,25.71,0,0.0
2025-09-05,17,3101,66,63.94,1,184.7
2025-09-05,18,2037,32,30.41,0,0.0
2025-09-05,19,2298,48,19.93,1,125.88
2025-09-05,20,2157,33,29.01,0,0.0
2025-09-05,21,1235,18,16.54,0,0.0
2025-09-05,22,1266,22,17.53,0,0.0
2025-09-05,23,945,13,11.27,0,0.0
2025-09-05,24,1499,20,8.86,0,0.0
2025-09-05,25,3774,26,5.44,0,0.0
2025-09-05,26,2752,23,13.71,0,0.0
2025-09-05,27,4152,26,6.89,0,0.0
2025-09-05,28,3623,30,22.49,0,0.0
2025-09-05,29,2093,21,16.32,0,0.0
2025-09-05,30,2079,27,10.45,0,0.0
2025-09-05,31,2445,32,7.29,0,0.0
2025-09-05,32,2485,36,24.67,0,0.0
2025-09-05,33,1190,10,5.25,0,0.0
2025-09-05,34,1365,11,7.79,0,0.0
2025-09-05,35,1547,15,7.14,0,0.0
2025-09-05,36,1255,12,7.01,0,0.0
2025-09-06,1,3337,54,45.11,0,0.0
2025-09-06,2,3579,45,56.77,0,0.0
2025-09-06,3,4371,69,97.0,1,121.44
2025-09-06,4,3011,44,40.33,0,0.0
2025-09-06,5,1138,23,18.99,0,0.0
2025-09-06,6,1688,37,30.26,1,150.58
2025-09-06,7,1844,39,23.94,1,131.89
2025-09-06,8,1658,46,62.53,1,154.83
2025-09-06,9,1151,26,29.21,1,137.51
2025-09-06,10,1244,28,14.43,1,87.95
2025-09-06,11,857,18,12.38,0,0.0
2025-09-06,12,638,15,10.22,0,0.0
2025-09-06,13,2330,29,15.36,0,0.0
2025-09-06,14,3450,43,15.93,0,0.0
2025-09-06,15,3669,45,16.88,0,0.0
2025-09-06,16,2898,31,10.71,0,0.0
2025-09-06,17,2188,42,36.23,0,0.0
2025-09-06,18,2096,42,23.87,0,0.0
2025-09-06,19,1977,36,35.47,0,0.0
2025-09-06,20,1358,25,16.72,0,0.0
2025-09-06,21,1208,19,16.08,0,0.0
2025-09-06,22,1165,19,12.03,0,0.0
2025-09-06,23,839,15,14.0,0,0.0
2025-09-06,24,1295,23,13.37,0,0.0
2025-09-06,25,3335,24,15.2,0,0.0
2025-09-06,26,2026,15,7.2,0,0.0
2025-09-06,27,4087,25,7.03,0,0.0
2025-09-06,28,2670,19,13.13,0,0.0
2025-09-06,29,1525,15,8.69,0,0.0
2025-09-06,30,2218,23,14.69,0,0.0
2025-09-06,31,1877,27,11.89,0,0.0
2025-09-06,32,1753,20,8.32,0,0.0
2025-09-06,33,1347,13,6.14,0,0.0
2025-09-06,34,1001,8,5.79,0,0.0
2025-09-06,35,1187,10,7.21,0,0.0
2025-09-06,36,1068,13,5.8,0,0.0
2025-09-07,1,2833,44,35.05,0,0.0
2025-09-07,2,2543,41,54.25,0,0.0
2025-09-07,3,3508,45,42.34,0,0.0
2025-09-07,4,5036,74,77.1,1,86.84
2025-09-07,5,1423,35,36.81,0,0.0
2025-09-07,6,2145,54,31.33,1,153.82
2025-09-07,7,1855,49,38.04,1,127.26
2025-09-07,8,1476,33,43.15,0,0.0
2025-09-07,9,1030,24,28.91,0,0.0
2025-09-07,10,617,10,9.79,0,0.0
2025-09-07,11,1248,29,24.27,1,114.7
2025-09-07,12,967,18,14.4,0,0.0
2025-09-07,13,3417,41,26.8,0,0.0
2025-09-07,14,2553,23,15.82,0,0.0
2025-09-07,15,4337,39,23.37,0,0.0
2025-09-07,16,2669,26,8.42,0,0.0
2025-09-07,17,1043,17,9.68,0,0.0
2025-09-07,18,1337,25,22.44,0,0.0
2025-09-07,19,1257,19,7.8,0,0.0
2025-09-07,20,1771,31,27.68,0,0.0
2025-09-07,21,788,12,7.9,0,0.0
2025-09-07,22,1401,23,19.65,1,132.05
2025-09-07,23,890,12,9.09,0,0.0
2025-09-07,24,836,13,5.03,0,0.0
2025-09-07,25,2142,14,4.23,0,0.0
2025-09-07,26,3493,23,15.8,0,0.0
2025-09-07,27,3956,34,23.23,0,0.0
2025-09-07,28,4164,27,18.01,0,0.0
2025-09-07,29,1693,23,10.82,0,0.0
2025-09-07,30,1126,16,12.31,0,0.0
2025-09-07,31,2199,27,21.44,0,0.0
2025-09-07,32,1936,23,6.56,0,0.0
2025-09-07,33,1309,16,4.15,0,0.0
2025-09-07,34,995,8,2.65,0,0.0
2025-09-07,35,805,7,3.24,0,0.0
2025-09-07,36,1177,11,7.44,0,0.0
2025-09-08,1,3913,55,58.6,1,40.34
2025-09-08,2,4607,69,103.15,1,169.72
2025-09-08,3,4934,81,48.82,1,115.51
2025-09-08,4,3950,57,53.88,0,0.0
2025-09-08,5,1987,46,44.93,1,142.48
2025-09-08,6,2456,59,78.8,1,161.33
2025-09-08,7,1648,38,41.69,1,162.46
2025-09-08,8,1516,42,39.98,1,156.63
2025-09-08,9,1764,34,28.44,1,147.54
2025-09-08,10,1452,27,36.43,1,96.35
2025-09-08,11,1250,21,30.05,0,0.0
2025-09-08,12,1537,32,29.76,1,78.41
2025-09-08,13,3757,45,44.42,0,0.0
2025-09-08,14,4592,43,28.88,0,0.0
2025-09-08,15,4117,42,18.15,0,0.0
2025-09-08,16,3805,46,18.93,0,0.0
2025-09-08,17,2288,51,35.88,1,196.87
2025-09-08,18,2700,41,33.43,0,0.0
2025-09-08,19,1568,31,29.48,0,0.0
2025-09-08,20,1793,37,33.08,0,0.0
2025-09-08,21,1244,22,13.91,0,0.0
2025-09-08,22,1820,32,31.67,1,149.47
2025-09-08,23,1568,29,14.3,1,131.49
2025-09-08,24,1131,20,13.96,0,0.0
2025-09-08,25,3461,29,17.56,0,0.0
2025-09-08,26,3405,22,16.62,0,0.0
2025-09-08,27,3770,22,7.17,0,0.0
2025-09-08,28,3963,26,9.5,0,0.0
2025-09-08,29,2225,25,12.37,0,0.0
2025-09-08,30,1823,23,14.79,0,0.0
2025-09-08,31,1781,21,5.08,0,0.0
2025-09-08,32,2228,28,12.63,0,0.0
2025-09-08,33,1545,17,6.07,0,0.0
2025-09-08,34,1344,14,9.43,0,0.0
2025-09-08,35,556,5,3.21,0,0.0
2025-09-08,36,2133,26,13.77,0,0.0
2025-09-09,1,3895,63,46.26,0,0.0
2025-09-09,2,4857,77,44.85,1,168.19
2025-09-09,3,4309,69,49.86,1,110.01
2025-09-09,4,5462,91,120.91,1,73.34
2025-09-09,5,2802,77,85.2,1,155.45
2025-09-09,6,2527,65,89.97,1,146.11
2025-09-09,7,2608,71,58.87,1,150.23
2025-09-09,8,1968,59,56.39,1,147.51
2025-09-09,9,1085,25,14.54,1,157.39
2025-09-09,10,1458,25,16.17,1,96.22
2025-09-09,11,1335,31,34.53,1,136.61
2025-09-09,12,1665,39,55.58,2,169.34
2025-09-09,13,6687,66,43.72,0,0.0
2025-09-09,14,5341,48,28.36,0,0.0
2025-09-09,15,3661,36,21.64,0,0.0
2025-09-09,16,4345,40,16.08,0,0.0
2025-09-09,17,1653,28,20.94,0,0.0
2025-09-09,18,2413,50,30.04,0,0.0
2025-09-09,19,2516,56,19.39,1,138.27
2025-09-09,20,2037,39,14.29,0,0.0
2025-09-09,21,1456,22,9.54,0,0.0
2025-09-09,22,1399,23,22.38,0,0.0
2025-09-09,23,1285,22,7.28,0,0.0
2025-09-09,24,1373,24,14.19,0,0.0
2025-09-09,25,4259,33,16.65,0,0.0
2025-09-09,26,3620,24,12.01,0,0.0
2025-09-09,27,4021,33,15.27,0,0.0
2025-09-09,28,2882,17,3.8,0,0.0
2025-09-09,29,1961,24,18.35,0,0.0
2025-09-09,30,2203,27,20.88,0,0.0
2025-09-09,31,1956,26,16.11,0,0.0
2025-09-09,32,2372,33,7.89,0,0.0
2025-09-09,33,891,7,5.22,0,0.0
2025-09-09,34,1513,16,9.47,0,0.0
2025-09-09,35,1666,16,3.37,0,0.0
2025-09-09,36,791,9,3.67,0,0.0
2025-09-10,1,4662,60,40.51,1,45.94
2025-09-10,2,5077,88,45.2,1,191.52
2025-09-10,3,5164,84,106.21,1,127.2
2025-09-10,4,4206,54,76.6,0,0.0
2025-09-10,5,2027,56,48.97,1,130.16
2025-09-10,6,1975,41,22.79,1,157.89
2025-09-10,7,2307,48,41.57,1,146.25
2025-09-10,8,2199,58,41.77,1,140.15
2025-09-10,9,1032,22,15.09,1,129.42
2025-09-10,10,866,15,15.2,0,0.0
2025-09-10,11,1262,25,16.57,0,0.0
2025-09-10,12,1154,21,28.72,1,92.49
2025-09-10,13,5075,47,14.19,0,0.0
2025-09-10,14,4569,48,23.19,0,0.0
2025-09-10,15,4639,47,29.05,0,0.0
2025-09-10,16,4123,37,33.03,0,0.0
2025-09-10,17,1892,30,20.01,0,0.0
2025-09-10,18,2258,49,39.21,1,155.13
2025-09-10,19,2901,48,19.46,0,0.0
2025-09-10,20,1698,28,21.75,0,0.0
2025-09-10,21,1201,18,7.36,0,0.0
2025-09-10,22,1318,18,9.21,0,0.0
2025-09-10,23,980,17,5.41,0,0.0
2025-09-10,24,1048,18,12.69,0,0.0
2025-09-10,25,2585,16,5.85,0,0.0
2025-09-10,26,4938,35,23.25,0,0.0
2025-09-10,27,3919,32,18.94,0,0.0
2025-09-10,28,3685,22,16.25,0,0.0
2025-09-10,29,2348,24,13.21,0,0.0
2025-09-10,30,2548,26,14.04,0,0.0
2025-09-10,31,1896,27,17.87,0,0.0
2025-09-10,32,1930,23,10.53,0,0.0
2025-09-10,33,1208,14,10.06,0,0.0
2025-09-10,34,1875,21,9.67,0,0.0
2025-09-10,35,1191,14,11.18,0,0.0
2025-09-10,36,1277,11,4.77,0,0.0
2025-09-11,1,4431,57,53.58,1,43.16
2025-09-11,2,3669,45,26.06,0,0.0
2025-09-11,3,3578,45,50.32,0,0.0
2025-09-11,4,2650,37,30.64,0,0.0
2025-09-11,5,2610,55,46.19,1,129.86
2025-09-11,6,2141,55,74.04,1,163.04
2025-09-11,7,2341,48,64.96,1,147.83
2025-09-11,8,1782,39,31.65,1,137.48
2025-09-11,9,1324,27,32.89,1,149.4
2025-09-11,10,1811,39,32.92,1,83.1
2025-09-11,11,1368,32,45.25,1,135.19
2025-09-11,12,1303,32,36.51,1,96.52
2025-09-11,13,4821,59,58.64,0,0.0
2025-09-11,14,6062,82,50.12,1,196.77
2025-09-11,15,3244,36,28.89,0,0.0
2025-09-11,16,5202,70,39.6,1,137.17
2025-09-11,17,2438,51,35.19,1,168.78
2025-09-11,18,2041,36,11.53,0,0.0
2025-09-11,19,2364,42,20.13,0,0.0
2025-09-11,20,2722,45,31.28,0,0.0
2025-09-11,21,1630,26,23.55,1,83.61
2025-09-11,22,1453,28,20.69,1,161.67
2025-09-11,23,1426,25,12.26,1,108.11
2025-09-11,24,1360,19,17.67,0,0.0
2025-09-11,25,5295,40,13.31,0,0.0
2025-09-11,26,3744,31,16.94,0,0.0
2025-09-11,27,5173,40,13.51,0,0.0
2025-09-11,28,3442,26,11.49,0,0.0
2025-09-11,29,1997,29,6.01,0,0.0
2025-09-11,30,1860,28,10.1,0,0.0
2025-09-11,31,2448,28,18.88,0,0.0
2025-09-11,32,2818,37,28.56,0,0.0
2025-09-11,33,1483,13,6.94,0,0.0
2025-09-11,34,1308,13,5.82,0,0.0
2025-09-11,35,1822,21,7.0,0,0.0
2025-09-11,36,1181,12,2.55,0,0.0
2025-09-12,1,3902,64,60.12,1,47.88
2025-09-12,2,4709,84,42.73,1,194.46
2025-09-12,3,5739,103,152.69,1,126.55
2025-09-12,4,2969,36,35.36,0,0.0
2025-09-12,5,2134,53,61.7,1,149.29
2025-09-12,6,1939,51,71.18,1,156.49
2025-09-12,7,2315,52,55.22,1,142.97
2025-09-12,8,2171,45,65.84,1,152.97
2025-09-12,9,1179,22,22.24,1,123.2
2025-09-12,10,1194,27,36.84,1,91.53
2025-09-12,11,1372,29,22.36,1,114.31
2025-09-12,12,1648,34,46.82,1,99.76
2025-09-12,13,3596,33,12.43,0,0.0
2025-09-12,14,3784,38,34.48,0,0.0
2025-09-12,15,5034,50,20.31,0,0.0
2025-09-12,16,5265,62,24.74,0,0.0
2025-09-12,17,1943,37,32.7,0,0.0
2025-09-12,18,1852,43,19.51,1,157.83
2025-09-12,19,2169,38,36.15,0,0.0
2025-09-12,20,2040,40,21.13,0,0.0
2025-09-12,21,1778,24,13.23,1,78.92
2025-09-12,22,1054,16,10.87,0,0.0
2025-09-12,23,1664,30,24.28,1,107.93
2025-09-12,24,835,15,7.94,0,0.0
2025-09-12,25,3826,31,10.96,0,0.0
2025-09-12,26,5181,43,29.3,0,0.0
2025-09-12,27,3073,26,11.02,0,0.0
2025-09-12,28,3784,28,18.26,0,0.0
2025-09-12,29,2557,33,9.23,0,0.0
2025-09-12,30,1991,24,7.11,0,0.0
2025-09-12,31,1865,22,10.43,0,0.0
2025-09-12,32,1951,25,15.28,0,0.0
2025-09-12,33,1286,16,8.48,0,0.0
2025-09-12,34,1336,13,5.46,0,0.0
2025-09-12,35,1924,16,6.04,0,0.0
2025-09-12,36,1495,13,7.47,0,0.0
2025-09-13,1,4820,73,104.04,1,43.96
2025-09-13,2,4467,73,81.4,1,158.16
2025-09-13,3,3659,63,59.68,1,99.84
2025-09-13,4,4305,67,92.82,0,0.0
2025-09-13,5,1561,42,62.65,1,149.16
2025-09-13,6,2657,82,121.5,2,294.74
2025-09-13,7,1799,44,54.12,1,161.62
2025-09-13,8,1399,35,39.79,0,0.0
2025-09-13,9,1075,21,20.28,1,134.69
2025-09-13,10,936,18,14.76,0,0.0
2025-09-13,11,1079,27,37.91,1,111.99
2025-09-13,12,1194,22,30.47,1,78.05
2025-09-13,13,4049,52,51.04,0,0.0
2025-09-13,14,2909,38,33.85,0,0.0
2025-09-13,15,4451,54,28.84,0,0.0
2025-09-13,16,5102,53,16.94,0,0.0
2025-09-13,17,1559,26,8.61,0,0.0
2025-09-13,18,1501,33,20.66,0,0.0
2025-09-13,19,1786,30,11.33,0,0.0
2025-09-13,20,1887,42,31.53,0,0.0
2025-09-13,21,1139,22,13.02,1,85.05
2025-09-13,22,1181,16,7.33,0,0.0
2025-09-13,23,1427,23,16.56,1,128.89
2025-09-13,24,1193,23,7.38,1,163.2
2025-09-13,25,4169,28,8.94,0,0.0
2025-09-13,26,4005,33,22.15,0,0.0
2025-09-13,27,4280,32,15.75,0,0.0
2025-09-13,28,4408,40,9.12,0,0.0
2025-09-13,29,980,14,5.88,0,0.0
2025-09-13,30,1859,26,5.31,0,0.0
2025-09-13,31,2196,34,20.1,0,0.0
2025-09-13,32,1972,25,16.11,0,0.0
2025-09-13,33,1145,15,9.3,0,0.0
2025-09-13,34,1360,16,6.16,0,0.0
2025-09-13,35,1255,16,7.87,0,0.0
2025-09-13,36,1155,14,2.88,0,0.0
2025-09-14,1,3258,48,42.59,0,0.0
2025-09-14,2,4644,60,40.86,1,163.48
2025-09-14,3,4571,77,105.33,1,107.21
2025-09-14,4,2664,48,28.82,0,0.0
2025-09-14,5,2374,72,90.4,2,307.18
2025-09-14,6,1546,36,53.44,1,143.87
2025-09-14,7,1679,52,31.42,1,132.24
2025-09-14,8,1471,41,38.71,0,0.0
2025-09-14,9,1023,19,10.86,1,149.29
2025-09-14,10,1085,26,14.3,1,79.8
2025-09-14,11,1152,29,39.94,1,133.99
2025-09-14,12,1436,37,26.71,2,181.47
2025-09-14,13,4165,44,16.65,0,0.0
2025-09-14,14,4825,48,35.65,0,0.0
2025-09-14,15,3106,35,19.04,0,0.0
2025-09-14,16,3927,39,11.76,0,0.0
2025-09-14,17,1731,32,19.3,0,0.0
2025-09-14,18,1916,42,16.88,1,140.13
2025-09-14,19,1844,34,15.63,0,0.0
2025-09-14,20,1474,28,26.86,0,0.0
2025-09-14,21,1016,17,9.01,0,0.0
2025-09-14,22,1209,21,9.33,0,0.0
2025-09-14,23,767,11,7.5,0,0.0
2025-09-14,24,1485,22,14.12,0,0.0
2025-09-14,25,3776,26,6.59,0,0.0
2025-09-14,26,3341,30,13.17,0,0.0
2025-09-14,27,4513,30,15.44,0,0.0
2025-09-14,28,3382,31,17.06,0,0.0
2025-09-14,29,1759,26,8.49,0,0.0
2025-09-14,30,1854,26,16.79,0,0.0
2025-09-14,31,1677,25,17.22,0,0.0
2025-09-14,32,2545,32,16.87,0,0.0
2025-09-14,33,1368,16,5.93,0,0.0
2025-09-14,34,1229,12,8.17,0,0.0
2025-09-14,35,1580,16,10.0,0,0.0
2025-09-14,36,883,10,5.12,0,0.0
2025-09-15,1,4194,71,52.67,1,38.82
2025-09-15,2,4732,60,43.44,1,187.78
2025-09-15,3,4359,68,46.94,1,106.44
2025-09-15,4,3706,59,37.74,0,0.0
2025-09-15,5,1564,35,30.94,1,154.7
2025-09-15,6,1532,34,18.1,1,168.86
2025-09-15,7,1994,55,78.18,1,150.7
2025-09-15,8,1994,58,86.97,1,162.2
2025-09-15,9,1526,32,32.0,1,138.92
2025-09-15,10,1094,22,24.5,1,88.43
2025-09-15,11,1023,24,26.28,1,144.35
2025-09-15,12,1141,25,35.58,1,89.41
2025-09-15,13,4428,52,45.79,0,0.0
2025-09-15,14,3759,46,15.07,0,0.0
2025-09-15,15,3803,43,26.3,0,0.0
2025-09-15,16,5577,64,24.06,0,0.0
2025-09-15,17,2069,45,15.8,0,0.0
2025-09-15,18,2349,46,45.81,0,0.0
2025-09-15,19,1782,41,28.19,0,0.0
2025-09-15,20,2081,39,17.78,0,0.0
2025-09-15,21,1654,22,10.26,0,0.0
2025-09-15,22,1592,25,16.34,1,129.19
2025-09-15,23,675,9,8.43,0,0.0
2025-09-15,24,1505,28,8.49,1,164.69
2025-09-15,25,4998,45,27.34,0,0.0
2025-09-15,26,5788,37,24.52,0,0.0
2025-09-15,27,4123,30,11.16,0,0.0
2025-09-15,28,3910,35,17.91,0,0.0
2025-09-15,29,2353,29,5.89,0,0.0
2025-09-15,30,2275,32,20.53,0,0.0
2025-09-15,31,1883,29,13.34,0,0.0
2025-09-15,32,2414,26,13.33,0,0.0
2025-09-15,33,1860,20,13.89,0,0.0
2025-09-15,34,1169,13,8.37,0,0.0
2025-09-15,35,1646,18,11.86,0,0.0
2025-09-15,36,1617,21,11.57,0,0.0
2025-09-16,1,4995,65,54.76,1,42.76
2025-09-16,2,4456,68,91.32,1,170.49
2025-09-16,3,5327,89,57.97,1,110.27
2025-09-16,4,5185,69,100.5,1,80.39
2025-09-16,5,3008,81,93.04,2,256.85
2025-09-16,6,1984,59,81.33,1,149.82
2025-09-16,7,1805,48,56.51,1,154.12
2025-09-16,8,1423,36,41.07,0,0.0
2025-09-16,9,1868,38,52.36,1,144.45
2025-09-16,10,1129,21,21.76,1,80.39
2025-09-16,11,1575,30,37.6,1,118.19
2025-09-16,12,1304,35,49.52,2,162.17
2025-09-16,13,4071,48,47.61,0,0.0
2025-09-16,14,4725,50,26.87,0,0.0
2025-09-16,15,4623,58,46.23,0,0.0
2025-09-16,16,5470,52,28.82,0,0.0
2025-09-16,17,3328,72,29.88,1,178.64
2025-09-16,18,1140,19,12.48,0,0.0
2025-09-16,19,2135,43,42.55,0,0.0
2025-09-16,20,1726,36,11.29,0,0.0
2025-09-16,21,1390,25,9.59,1,81.7
2025-09-16,22,1660,27,21.85,0,0.0
2025-09-16,23,1226,20,17.74,0,0.0
2025-09-16,24,1407,22,16.48,0,0.0
2025-09-16,25,4974,32,10.72,0,0.0
2025-09-16,26,4978,46,15.15,0,0.0
2025-09-16,27,3888,30,14.48,0,0.0
2025-09-16,28,5595,48,38.14,0,0.0
2025-09-16,29,2354,26,11.29,0,0.0
2025-09-16,30,2834,39,25.27,0,0.0
2025-09-16,31,2437,26,18.63,0,0.0
2025-09-16,32,2263,29,16.27,0,0.0
2025-09-16,33,1712,22,6.47,0,0.0
2025-09-16,34,1895,17,6.6,0,0.0
2025-09-16,35,1067,11,5.35,0,0.0
2025-09-16,36,1618,20,11.76,0,0.0
2025-09-17,1,5225,68,74.89,1,45.71
2025-09-17,2,4040,76,64.37,1,176.43
2025-09-17,3,5665,102,65.5,1,108.39
2025-09-17,4,3188,44,51.63,0,0.0
2025-09-17,5,2552,61,55.85,1,131.53
2025-09-17,6,1472,33,22.52,0,0.0
2025-09-17,7,1697,37,48.41,1,138.31
2025-09-17,8,2344,71,91.65,2,278.11
2025-09-17,9,1984,39,38.8,1,146.1
2025-09-17,10,1549,35,36.89,2,191.16
2025-09-17,11,1375,27,15.81,1,121.53
2025-09-17,12,1851,47,51.79,2,185.55
2025-09-17,13,5883,59,41.42,0,0.0
2025-09-17,14,4315,47,30.73,0,0.0
2025-09-17,15,4851,46,15.4,0,0.0
2025-09-17,16,5691,67,53.46,0,0.0
2025-09-17,17,3110,60,52.82,1,193.26
2025-09-17,18,1731,34,21.27,0,0.0
2025-09-17,19,2558,44,28.82,1,131.35
2025-09-17,20,2954,59,28.54,1,245.88
2025-09-17,21,1493,29,21.6,1,76.82
2025-09-17,22,1567,27,12.87,1,156.18
2025-09-17,23,1324,26,20.46,1,118.64
2025-09-17,24,1063,14,5.07,0,0.0
2025-09-17,25,3315,24,16.44,0,0.0
2025-09-17,26,3628,27,14.85,0,0.0
2025-09-17,27,5752,42,31.19,0,0.0
2025-09-17,28,3557,23,16.22,0,0.0
2025-09-17,29,1619,25,19.41,0,0.0
2025-09-17,30,2784,30,6.31,0,0.0
2025-09-17,31,2741,40,8.31,0,0.0
2025-09-17,32,1753,26,5.21,0,0.0
2025-09-17,33,1050,12,9.1,0,0.0
2025-09-17,34,1329,17,3.68,0,0.0
2025-09-17,35,1646,15,6.23,0,0.0
2025-09-17,36,1982,25,19.12,0,0.0
2025-09-18,1,5061,70,77.94,1,44.86
2025-09-18,2,5025,91,91.01,1,169.08
2025-09-18,3,4157,54,75.52,1,113.68
2025-09-18,4,4373,79,66.31,1,84.0
2025-09-18,5,2771,85,86.9,2,253.39
2025-09-18,6,2555,81,86.42,2,285.82
2025-09-18,7,2294,62,53.33,1,129.69
2025-09-18,8,3018,98,60.18,2,312.02
2025-09-18,9,1201,27,35.12,1,139.57
2025-09-18,10,1905,48,62.27,2,184.52
2025-09-18,11,1700,34,38.09,1,119.05
2025-09-18,12,1438,27,34.38,1,96.23
2025-09-18,13,4197,41,33.61,0,0.0
2025-09-18,14,2944,29,15.82,0,0.0
2025-09-18,15,5299,61,40.21,1,130.49
2025-09-18,16,4325,54,50.21,0,0.0
2025-09-18,17,2758,56,44.15,1,197.36
2025-09-18,18,2259,45,17.63,1,137.27
2025-09-18,19,2103,37,36.23,1,126.05
2025-09-18,20,1653,30,29.88,0,0.0
2025-09-18,21,1373,27,21.12,1,87.3
2025-09-18,22,1557,28,27.27,1,138.85
2025-09-18,23,1352,21,19.8,0,0.0
2025-09-18,24,1137,17,15.11,0,0.0
2025-09-18,25,5143,36,10.14,0,0.0
2025-09-18,26,3958,34,16.1,0,0.0
2025-09-18,27,3823,25,18.16,0,0.0
2025-09-18,28,4225,38,25.83,0,0.0
2025-09-18,29,2774,31,10.67,0,0.0
2025-09-18,30,3062,34,13.15,0,0.0
2025-09-18,31,2862,38,8.49,0,0.0
2025-09-18,32,2947,40,16.37,0,0.0
2025-09-18,33,1132,14,6.69,0,0.0
2025-09-18,34,1629,17,9.6,0,0.0
2025-09-18,35,2333,29,23.0,1,48.33
2025-09-18,36,1484,17,8.12,0,0.0
2025-09-19,1,4464,64,73.18,1,42.76
2025-09-19,2,5352,77,42.43,1,174.92
2025-09-19,3,3101,40,51.95,0,0.0
2025-09-19,4,4034,67,35.69,1,72.79
2025-09-19,5,2247,58,58.02,1,144.71
2025-09-19,6,2899,65,74.69,1,157.06
2025-09-19,7,1597,41,34.08,1,142.38
2025-09-19,8,1626,43,29.91,1,139.22
2025-09-19,9,1642,34,28.63,2,274.4
2025-09-19,10,1691,42,55.76,2,160.12
2025-09-19,11,1830,45,49.04,2,234.18
2025-09-19,12,2162,39,49.11,2,171.73
2025-09-19,13,4919,48,20.28,0,0.0
2025-09-19,14,6115,69,60.35,1,172.84
2025-09-19,15,5632,70,22.11,0,0.0
2025-09-19,16,5649,75,51.49,1,129.28
2025-09-19,17,1996,42,23.91,1,172.7
2025-09-19,18,2409,45,36.58,0,0.0
2025-09-19,19,2631,60,25.13,1,147.0
2025-09-19,20,2613,61,21.41,1,236.21
2025-09-19,21,1368,22,6.99,0,0.0
2025-09-19,22,1413,29,25.7,1,154.49
2025-09-19,23,1948,28,16.89,1,133.82
2025-09-19,24,1171,17,14.76,0,0.0
2025-09-19,25,3540,24,15.74,0,0.0
2025-09-19,26,7172,55,12.58,0,0.0
2025-09-19,27,6525,56,21.97,0,0.0
2025-09-19,28,5617,45,22.44,0,0.0
2025-09-19,29,2634,34,16.17,0,0.0
2025-09-19,30,1777,20,13.02,0,0.0
2025-09-19,31,2257,27,15.63,0,0.0
2025-09-19,32,2569,39,13.96,0,0.0
2025-09-19,33,1752,20,12.45,0,0.0
2025-09-19,34,1555,16,5.51,0,0.0
2025-09-19,35,1248,15,8.09,0,0.0
2025-09-19,36,1628,17,8.95,0,0.0
2025-09-20,1,3481,57,41.5,1,42.15
2025-09-20,2,5174,98,121.56,1,162.51
2025-09-20,3,3476,49,62.03,0,0.0
2025-09-20,4,4438,78,75.61,1,84.97
2025-09-20,5,1914,51,31.61,1,131.93
2025-09-20,6,2314,53,47.63,1,149.96
2025-09-20,7,1717,54,57.54,1,147.68
2025-09-20,8,1000,22,26.78,0,0.0
2025-09-20,9,1435,35,29.58,2,307.83
2025-09-20,10,1421,29,36.67,1,86.84
2025-09-20,11,1075,27,15.18,1,118.9
2025-09-20,12,1284,28,21.03,1,90.37
2025-09-20,13,4054,57,46.9,0,0.0
2025-09-20,14,2959,42,34.69,0,0.0
2025-09-20,15,4328,50,41.48,0,0.0
2025-09-20,16,3670,39,17.72,0,0.0
2025-09-20,17,2111,47,42.95,1,191.88
2025-09-20,18,1754,38,18.2,0,0.0
2025-09-20,19,1996,45,20.22,1,138.58
2025-09-20,20,2201,52,32.96,1,241.37
2025-09-20,21,1192,19,12.1,0,0.0
2025-09-20,22,1572,31,21.67,1,140.62
2025-09-20,23,1105,21,10.71,1,129.68
2025-09-20,24,1016,16,9.41,0,0.0
2025-09-20,25,3325,26,18.43,0,0.0
2025-09-20,26,2923,19,7.33,0,0.0
2025-09-20,27,3564,30,18.27,0,0.0
2025-09-20,28,2267,18,10.44,0,0.0
2025-09-20,29,2059,26,8.29,0,0.0
2025-09-20,30,1525,19,13.19,0,0.0
2025-09-20,31,2115,29,11.08,0,0.0
2025-09-20,32,2175,30,17.19,0,0.0
2025-09-20,33,626,6,1.38,0,0.0
2025-09-20,34,1117,10,7.43,0,0.0
2025-09-20,35,1981,22,8.06,0,0.0
2025-09-20,36,1630,18,3.94,0,0.0
2025-09-21,1,5365,79,67.72,1,45.33
2025-09-21,2,4504,67,94.41,1,164.8
2025-09-21,3,3451,45,60.64,0,0.0
2025-09-21,4,4831,68,100.09,1,75.68
2025-09-21,5,1360,42,36.89,1,124.56
2025-09-21,6,2333,74,92.09,2,325.16
2025-09-21,7,1419,34,31.51,1,141.79
2025-09-21,8,1620,49,29.41,1,161.02
2025-09-21,9,1159,30,31.18,1,145.7
2025-09-21,10,1443,34,35.06,2,158.42
2025-09-21,11,1206,25,24.86,1,120.38
2025-09-21,12,1751,38,39.07,1,83.13
2025-09-21,13,4443,48,33.87,0,0.0
2025-09-21,14,3102,36,16.15,0,0.0
2025-09-21,15,5012,54,28.29,0,0.0
2025-09-21,16,4491,54,39.27,0,0.0
2025-09-21,17,2308,47,43.74,1,165.96
2025-09-21,18,2103,38,26.44,1,139.73
2025-09-21,19,2145,41,38.55,0,0.0
2025-09-21,20,2640,51,32.3,1,206.67
2025-09-21,21,1309,23,11.75,0,0.0
2025-09-21,22,1148,19,14.07,0,0.0
2025-09-21,23,1039,21,11.97,1,114.52
2025-09-21,24,1425,25,10.88,1,170.66
2025-09-21,25,4375,33,22.77,0,0.0
2025-09-21,26,3857,25,13.46,0,0.0
2025-09-21,27,5465,40,24.52,0,0.0
2025-09-21,28,4003,26,9.66,0,0.0
2025-09-21,29,1990,28,15.99,0,0.0
2025-09-21,30,1904,30,21.79,0,0.0
2025-09-21,31,1909,28,9.66,0,0.0
2025-09-21,32,1465,17,12.23,0,0.0
2025-09-21,33,1280,12,3.94,0,0.0
2025-09-21,34,1495,14,4.93,0,0.0
2025-09-21,35,1658,18,13.07,0,0.0
2025-09-21,36,867,12,8.97,0,0.0
2025-09-22,1,4702,66,39.02,1,46.78
2025-09-22,2,6115,111,115.08,2,357.41
2025-09-22,3,3882,69,98.27,1,105.9
2025-09-22,4,3095,55,38.51,0,0.0
2025-09-22,5,2778,64,92.72,2,254.14
2025-09-22,6,2468,69,48.09,2,307.05
2025-09-22,7,2065,69,75.68,2,274.31
2025-09-22,8,3012,76,79.65,2,294.96
2025-09-22,9,1143,29,17.5,1,147.98
2025-09-22,10,1698,32,25.77,2,191.79
2025-09-22,11,1748,37,50.54,2,288.25
2025-09-22,12,1909,36,18.79,2,159.86
2025-09-22,13,5343,57,40.09,1,123.53
2025-09-22,14,4291,42,41.83,0,0.0
2025-09-22,15,2992,38,22.89,0,0.0
2025-09-22,16,4475,50,34.51,0,0.0
2025-09-22,17,2409,53,35.64,1,199.26
2025-09-22,18,3416,65,40.78,1,146.69
2025-09-22,19,2638,52,42.92,1,123.54
2025-09-22,20,2165,46,31.03,0,0.0
2025-09-22,21,1894,30,15.03,1,84.76
2025-09-22,22,1996,40,25.39,1,158.07
2025-09-22,23,1128,18,6.06,0,0.0
2025-09-22,24,911,15,14.18,0,0.0
2025-09-22,25,3838,25,10.31,0,0.0
2025-09-22,26,4626,42,31.65,0,0.0
2025-09-22,27,7343,56,35.05,0,0.0
2025-09-22,28,4831,42,31.33,0,0.0
2025-09-22,29,1637,24,17.61,0,0.0
2025-09-22,30,2248,30,18.25,0,0.0
2025-09-22,31,2160,35,9.07,0,0.0
2025-09-22,32,3093,45,30.22,0,0.0
2025-09-22,33,1231,14,8.92,0,0.0
2025-09-22,34,1387,17,13.1,0,0.0
2025-09-22,35,1571,20,10.85,0,0.0
2025-09-22,36,1477,14,3.46,0,0.0
2025-09-23,1,5408,81,52.63,1,39.92
2025-09-23,2,3716,50,49.62,0,0.0
2025-09-23,3,6946,136,127.73,2,218.02
2025-09-23,4,4474,69,101.03,1,76.95
2025-09-23,5,2495,58,29.78,1,147.43
2025-09-23,6,3108,103,122.79,3,505.56
2025-09-23,7,2718,85,102.99,3,380.9
2025-09-23,8,2467,57,84.43,2,351.82
2025-09-23,9,1555,34,25.01,1,127.54
2025-09-23,10,2266,43,57.35,2,156.99
2025-09-23,11,1338,29,17.14,1,138.18
2025-09-23,12,1693,36,37.29,2,186.77
2025-09-23,13,5281,76,66.29,1,123.41
2025-09-23,14,5819,73,24.91,1,172.1
2025-09-23,15,4925,55,36.94,0,0.0
2025-09-23,16,4470,45,42.94,0,0.0
2025-09-23,17,2461,42,24.24,1,172.34
2025-09-23,18,2399,41,25.86,0,0.0
2025-09-23,19,1657,33,21.68,0,0.0
2025-09-23,20,2484,46,19.29,1,251.03
2025-09-23,21,1744,31,23.7,1,72.5
2025-09-23,22,1591,25,10.37,0,0.0
2025-09-23,23,1589,22,12.09,1,124.76
2025-09-23,24,1619,30,15.65,1,168.04
2025-09-23,25,6163,47,9.47,0,0.0
2025-09-23,26,3515,34,20.16,0,0.0
2025-09-23,27,5542,38,27.72,0,0.0
2025-09-23,28,4607,31,10.84,0,0.0
2025-09-23,29,2799,45,23.93,0,0.0
2025-09-23,30,2425,29,19.02,0,0.0
2025-09-23,31,2178,31,22.36,0,0.0
2025-09-23,32,1624,24,16.7,0,0.0
2025-09-23,33,1543,18,11.25,0,0.0
2025-09-23,34,2097,26,8.62,1,215.81
2025-09-23,35,1421,13,5.64,0,0.0
2025-09-23,36,1193,14,10.08,0,0.0
2025-09-24,1,5923,99,102.74,1,46.49
2025-09-24,2,4460,62,48.78,1,171.69
2025-09-24,3,4901,68,53.75,1,126.98
2025-09-24,4,4458,76,52.03,1,81.91
2025-09-24,5,2944,90,98.81,2,290.04
2025-09-24,6,2434,75,100.74,2,288.22
2025-09-24,7,1937,49,37.56,1,148.59
2025-09-24,8,2577,67,73.15,2,322.18
2025-09-24,9,2378,49,29.08,2,248.23
2025-09-24,10,1954,38,54.91,2,156.67
2025-09-24,11,1992,53,31.41,3,362.41
2025-09-24,12,1763,47,33.96,3,278.99
2025-09-24,13,4096,53,35.88,0,0.0
2025-09-24,14,5084,70,38.69,0,0.0
2025-09-24,15,5455,59,50.6,0,0.0
2025-09-24,16,5153,74,24.9,1,128.34
2025-09-24,17,2150,54,34.62,1,167.46
2025-09-24,18,2640,48,15.85,1,125.62
2025-09-24,19,2957,67,42.24,1,152.15
2025-09-24,20,2372,53,33.74,1,212.11
2025-09-24,21,1146,22,20.56,0,0.0
2025-09-24,22,1807,32,17.41,1,140.97
2025-09-24,23,1157,23,7.69,0,0.0
2025-09-24,24,1274,19,16.16,0,0.0
2025-09-24,25,5163,41,30.99,0,0.0
2025-09-24,26,4852,43,18.75,0,0.0
2025-09-24,27,6007,42,32.92,0,0.0
2025-09-24,28,5057,33,18.23,0,0.0
2025-09-24,29,2697,41,19.63,0,0.0
2025-09-24,30,1775,23,8.99,0,0.0
2025-09-24,31,1544,19,13.11,0,0.0
2025-09-24,32,1713,23,9.21,0,0.0
2025-09-24,33,1796,24,7.52,0,0.0
2025-09-24,34,1628,16,12.58,0,0.0
2025-09-24,35,2096,23,8.82,0,0.0
2025-09-24,36,1766,18,5.95,0,0.0
2025-09-25,1,4613,69,101.76,1,46.93
2025-09-25,2,6595,109,85.92,2,349.23
2025-09-25,3,5680,80,76.1,1,109.19
2025-09-25,4,6302,94,93.44,2,170.24
2025-09-25,5,2539,87,117.56,3,379.17
2025-09-25,6,2623,70,65.91,2,310.6
2025-09-25,7,2164,50,56.98,1,157.35
2025-09-25,8,2143,64,90.67,1,158.92
2025-09-25,9,1433,31,43.71,2,278.03
2025-09-25,10,1143,23,16.76,1,87.4
2025-09-25,11,2220,53,38.04,3,410.07
2025-09-25,12,1029,21,27.61,1,90.05
2025-09-25,13,5455,63,33.14,1,131.49
2025-09-25,14,5439,79,70.07,1,185.71
2025-09-25,15,3860,39,20.33,0,0.0
2025-09-25,16,5371,70,64.92,1,154.1
2025-09-25,17,3050,64,20.84,1,189.53
2025-09-25,18,3088,64,28.78,1,138.11
2025-09-25,19,3419,65,43.99,1,130.87
2025-09-25,20,2611,52,50.67,1,208.08
2025-09-25,21,1831,38,26.36,2,147.99
2025-09-25,22,1804,26,8.63,1,144.37
2025-09-25,23,1948,40,35.95,1,126.6
2025-09-25,24,1889,33,13.41,1,179.46
2025-09-25,25,4979,39,21.37,0,0.0
2025-09-25,26,3605,24,18.86,0,0.0
2025-09-25,27,4543,34,9.16,0,0.0
2025-09-25,28,4763,42,18.87,0,0.0
2025-09-25,29,2598,40,14.71,0,0.0
2025-09-25,30,1100,13,9.32,0,0.0
2025-09-25,31,2564,30,6.77,0,0.0
2025-09-25,32,2467,32,6.57,0,0.0
2025-09-25,33,1246,17,12.15,0,0.0
2025-09-25,34,1911,21,6.51,0,0.0
2025-09-25,35,1641,16,11.97,0,0.0
2025-09-25,36,1303,17,11.58,0,0.0
2025-09-26,1,5545,80,107.26,1,37.97
2025-09-26,2,3730,55,65.63,0,0.0
2025-09-26,3,6133,84,62.62,1,98.5
2025-09-26,4,5804,86,47.91,1,82.98
2025-09-26,5,2565,84,94.25,2,274.93
2025-09-26,6,2220,70,47.46,2,342.43
2025-09-26,7,1839,56,60.72,1,130.03
2025-09-26,8,3086,90,123.72,2,298.43
2025-09-26,9,1340,29,22.54,1,127.52
2025-09-26,10,1896,46,23.83,2,198.56
2025-09-26,11,2184,46,33.05,2,273.77
2025-09-26,12,1830,52,26.18,3,281.23
2025-09-26,13,3662,51,32.64,0,0.0
2025-09-26,14,4152,51,17.46,0,0.0
2025-09-26,15,3974,50,22.2,0,0.0
2025-09-26,16,5261,68,48.67,0,0.0
2025-09-26,17,2171,55,32.74,1,190.34
2025-09-26,18,2963,69,48.5,1,153.79
2025-09-26,19,2063,49,44.49,1,137.9
2025-09-26,20,2606,49,38.33,1,226.62
2025-09-26,21,1124,22,8.85,1,81.69
2025-09-26,22,1651,27,18.65,1,136.22
2025-09-26,23,1952,37,20.74,2,253.77
2025-09-26,24,1422,24,19.66,1,174.33
2025-09-26,25,6210,52,14.4,0,0.0
2025-09-26,26,5597,55,30.54,0,0.0
2025-09-26,27,4045,37,17.69,0,0.0
2025-09-26,28,5611,46,32.76,0,0.0
2025-09-26,29,2318,32,16.65,0,0.0
2025-09-26,30,1913,24,14.48,0,0.0
2025-09-26,31,2200,32,23.3,0,0.0
2025-09-26,32,2486,40,22.0,0,0.0
2025-09-26,33,1344,17,12.13,0,0.0
2025-09-26,34,1756,20,9.87,0,0.0
2025-09-26,35,1035,12,6.35,0,0.0
2025-09-26,36,2193,21,5.95,0,0.0
2025-09-27,1,4489,65,50.82,1,44.74
2025-09-27,2,4096,81,106.22,1,157.91
2025-09-27,3,4886,78,102.32,1,99.51
2025-09-27,4,4253,60,41.83,1,70.65
2025-09-27,5,2236,60,55.48,1,134.3
2025-09-27,6,1657,51,41.4,1,137.25
2025-09-27,7,2058,68,36.31,1,145.01
2025-09-27,8,2563,86,48.68,2,342.42
2025-09-27,9,1492,42,31.97,2,288.4
2025-09-27,10,1360,38,53.67,2,185.77
2025-09-27,11,1323,32,28.22,1,121.52
2025-09-27,12,1077,26,38.21,1,86.67
2025-09-27,13,3971,52,41.78,0,0.0
2025-09-27,14,3776,44,22.64,0,0.0
2025-09-27,15,3524,40,35.4,0,0.0
2025-09-27,16,4504,63,56.92,1,149.87
2025-09-27,17,2995,62,32.22,1,180.45
2025-09-27,18,2240,47,15.35,1,152.77
2025-09-27,19,1880,43,16.07,1,146.24
2025-09-27,20,2641,54,36.41,1,204.84
2025-09-27,21,1536,28,8.56,1,74.23
2025-09-27,22,1381,23,8.48,0,0.0
2025-09-27,23,1427,20,19.01,1,110.83
2025-09-27,24,1160,18,15.62,0,0.0
2025-09-27,25,4063,38,17.87,0,0.0
2025-09-27,26,4013,33,16.84,0,0.0
2025-09-27,27,4175,28,20.67,0,0.0
2025-09-27,28,3717,25,7.88,0,0.0
2025-09-27,29,2159,36,12.41,0,0.0
2025-09-27,30,2068,25,18.52,0,0.0
2025-09-27,31,2354,36,24.93,0,0.0
2025-09-27,32,2523,37,26.53,0,0.0
2025-09-27,33,1335,13,9.51,0,0.0
2025-09-27,34,1459,14,9.66,0,0.0
2025-09-27,35,1223,13,8.0,0,0.0
2025-09-27,36,1706,17,3.67,0,0.0
2025-09-28,1,4160,77,87.99,1,45.4
2025-09-28,2,5838,106,133.56,1,176.17
2025-09-28,3,3155,51,44.89,1,113.99
2025-09-28,4,4912,85,48.08,1,82.89
2025-09-28,5,2280,56,69.08,1,130.98
2025-09-28,6,2589,70,72.93,2,296.25
2025-09-28,7,1818,43,37.95,1,158.55
2025-09-28,8,2042,62,88.42,1,159.48
2025-09-28,9,1158,25,15.44,1,124.77
2025-09-28,10,1669,48,64.89,2,176.0
2025-09-28,11,1364,29,17.57,1,112.91
2025-09-28,12,1321,29,26.48,1,79.82
2025-09-28,13,3124,47,36.24,0,0.0
2025-09-28,14,4363,66,56.21,1,174.37
2025-09-28,15,4295,61,50.24,0,0.0
2025-09-28,16,4321,53,30.91,0,0.0
2025-09-28,17,2633,67,51.95,1,207.08
2025-09-28,18,1705,39,33.02,0,0.0
2025-09-28,19,1505,34,10.67,1,121.47
2025-09-28,20,2037,45,32.74,1,221.46
2025-09-28,21,1346,23,19.88,0,0.0
2025-09-28,22,1469,28,13.95,1,125.29
2025-09-28,23,1173,21,12.91,1,108.05
2025-09-28,24,1496,31,9.72,1,182.08
2025-09-28,25,4082,41,11.32,0,0.0
2025-09-28,26,3614,35,18.26,0,0.0
2025-09-28,27,4436,44,14.25,0,0.0
2025-09-28,28,5250,47,36.12,0,0.0
2025-09-28,29,2328,40,24.88,0,0.0
2025-09-28,30,2984,35,26.01,0,0.0
2025-09-28,31,1269,17,5.45,0,0.0
2025-09-28,32,1698,20,13.99,0,0.0
2025-09-28,33,1244,15,7.93,0,0.0
2025-09-28,34,1572,18,13.28,0,0.0
2025-09-28,35,1405,18,11.85,0,0.0
2025-09-28,36,1553,19,8.39,0,0.0
2025-09-29,1,4123,74,67.02,1,46.65
2025-09-29,2,2929,44,42.77,0,0.0
2025-09-29,3,5085,82,79.01,1,103.88
2025-09-29,4,5924,118,68.7,2,179.51
2025-09-29,5,2866,91,46.28,3,471.13
2025-09-29,6,1924,57,53.05,1,157.97
2025-09-29,7,2605,84,111.96,2,295.88
2025-09-29,8,3210,110,86.46,3,465.97
2025-09-29,9,1922,53,26.8,3,373.53
2025-09-29,10,1788,46,58.6,3,236.32
2025-09-29,11,2056,50,34.3,2,268.78
2025-09-29,12,1675,36,51.61,2,185.53
2025-09-29,13,6414,90,44.85,1,147.26
2025-09-29,14,4732,51,23.36,0,0.0
2025-09-29,15,3179,47,44.26,0,0.0
2025-09-29,16,6171,68,45.72,1,134.31
2025-09-29,17,2427,44,43.55,1,172.88
2025-09-29,18,3440,76,37.73,1,160.75
2025-09-29,19,2692,56,21.72,1,130.02
2025-09-29,20,3332,65,55.19,1,216.08
2025-09-29,21,1620,25,21.18,1,70.15
2025-09-29,22,1578,34,31.66,1,140.8
2025-09-29,23,1074,20,13.59,0,0.0
2025-09-29,24,1623,28,27.01,1,188.82
2025-09-29,25,5305,51,25.17,0,0.0
2025-09-29,26,6120,62,30.25,0,0.0
2025-09-29,27,3305,30,10.7,0,0.0
2025-09-29,28,4270,30,23.95,0,0.0
2025-09-29,29,3403,44,30.29,1,46.21
2025-09-29,30,2827,36,19.99,0,0.0
2025-09-29,31,2772,42,18.81,0,0.0
2025-09-29,32,2392,28,13.45,0,0.0
2025-09-29,33,2465,35,8.04,1,185.12
2025-09-29,34,1719,24,12.81,0,0.0
2025-09-29,35,1858,18,4.73,0,0.0
2025-09-29,36,1954,25,10.99,0,0.0
2025-09-30,1,6564,126,78.6,2,80.13
2025-09-30,2,5814,89,60.97,1,178.89
2025-09-30,3,8018,165,100.0,2,209.62
2025-09-30,4,5390,104,135.32,1,70.97
2025-09-30,5,2201,57,83.72,1,146.35
2025-09-30,6,3124,109,59.75,2,298.42
2025-09-30,7,2231,77,106.12,2,277.64
2025-09-30,8,1883,55,80.99,1,157.82
2025-09-30,9,2322,68,59.94,4,508.63
2025-09-30,10,2167,49,29.81,3,252.02
2025-09-30,11,1817,53,34.56,2,257.45
2025-09-30,12,1501,31,40.22,2,160.82
2025-09-30,13,5971,78,37.4,1,126.59
2025-09-30,14,3243,39,14.29,0,0.0
2025-09-30,15,6559,79,76.03,1,123.48
2025-09-30,16,6470,80,55.76,1,157.73
2025-09-30,17,2081,37,19.78,1,191.91
2025-09-30,18,2318,48,28.64,1,135.58
2025-09-30,19,2632,50,24.06,1,127.68
2025-09-30,20,2717,65,47.91,1,206.02
2025-09-30,21,1356,27,16.17,1,75.93
2025-09-30,22,2119,44,39.35,2,308.98
2025-09-30,23,1504,33,30.04,1,126.11
2025-09-30,24,1899,39,13.84,2,322.26
2025-09-30,25,5631,52,16.99,0,0.0
2025-09-30,26,7306,70,46.87,0,0.0
2025-09-30,27,2684,23,15.56,0,0.0
2025-09-30,28,5268,44,21.14,0,0.0
2025-09-30,29,3196,42,23.07,0,0.0
2025-09-30,30,2475,44,13.22,0,0.0
2025-09-30,31,2182,36,23.56,0,0.0
2025-09-30,32,2713,43,32.1,0,0.0
2025-09-30,33,1865,23,10.51,1,167.09
2025-09-30,34,1664,24,8.37,1,209.58
2025-09-30,35,1850,21,4.95,0,0.0
2025-09-30,36,2241,33,26.12,1,227.38
2025-10-01,1,4938,96,51.14,2,95.2
2025-10-01,2,5665,94,105.04,1,197.63
2025-10-01,3,4549,94,48.73,2,221.15
2025-10-01,4,4331,75,63.4,1,86.11
2025-10-01,5,2703,77,43.77,2,253.0
2025-10-01,6,2977,95,103.12,3,433.72
2025-10-01,7,2013,54,39.36,1,128.96
2025-10-01,8,2565,85,72.82,2,308.61
2025-10-01,9,1917,39,52.36,1,124.82
2025-10-01,10,1703,47,46.5,3,289.73
2025-10-01,11,2566,73,103.25,3,356.23
2025-10-01,12,1860,55,28.21,3,298.0
2025-10-01,13,5713,75,57.6,1,153.05
2025-10-01,14,3364,52,19.0,0,0.0
2025-10-01,15,5638,79,38.37,1,114.86
2025-10-01,16,5673,87,34.72,1,152.91
2025-10-01,17,3237,79,26.24,2,325.49
2025-10-01,18,2918,76,37.9,2,316.67
2025-10-01,19,2255,48,44.49,1,137.28
2025-10-01,20,3901,88,27.12,2,488.46
2025-10-01,21,1660,34,19.96,1,79.96
2025-10-01,22,1703,28,23.5,1,127.86
2025-10-01,23,2188,48,35.02,2,261.83
2025-10-01,24,2038,43,41.99,1,193.35
2025-10-01,25,5155,48,13.84,0,0.0
2025-10-01,26,4595,37,14.7,0,0.0
2025-10-01,27,6938,52,22.65,0,0.0
2025-10-01,28,6268,45,13.69,0,0.0
2025-10-01,29,2603,45,13.24,0,0.0
2025-10-01,30,1746,22,7.19,0,0.0
2025-10-01,31,2015,35,19.74,0,0.0
2025-10-01,32,3636,59,13.23,1,51.37
2025-10-01,33,2373,26,11.69,1,190.24
2025-10-01,34,1534,22,10.54,0,0.0
2025-10-01,35,2133,29,6.94,1,42.37
2025-10-01,36,1814,21,15.23,0,0.0
2025-10-02,1,5104,74,81.34,1,43.15
2025-10-02,2,6710,100,66.11,1,169.84
2025-10-02,3,5541,106,125.17,2,197.27
2025-10-02,4,3766,60,73.2,1,70.93
2025-10-02,5,3723,108,118.55,3,391.51
2025-10-02,6,2463,74,63.77,2,275.0
2025-10-02,7,3649,120,63.89,4,560.56
2025-10-02,8,3175,89,104.87,2,315.47
2025-10-02,9,1633,39,46.91,2,305.07
2025-10-02,10,1480,38,41.93,2,199.84
2025-10-02,11,2935,63,70.98,3,381.18
2025-10-02,12,2100,61,80.22,4,372.51
2025-10-02,13,6042,74,23.32,1,124.14
2025-10-02,14,5530,77,31.84,1,164.84
2025-10-02,15,5778,67,43.8,1,115.53
2025-10-02,16,6381,87,34.24,1,145.79
2025-10-02,17,3316,69,50.39,1,201.43
2025-10-02,18,2837,61,39.82,1,127.95
2025-10-02,19,2774,65,32.76,1,149.53
2025-10-02,20,2616,68,45.4,1,248.71
2025-10-02,21,1420,29,14.87,1,80.13
2025-10-02,22,2258,51,26.91,2,315.76
2025-10-02,23,1140,17,15.23,0,0.0
2025-10-02,24,1573,28,19.91,1,161.49
2025-10-02,25,5892,51,15.0,0,0.0
2025-10-02,26,4662,35,12.05,0,0.0
2025-10-02,27,6389,57,14.59,0,0.0
2025-10-02,28,4872,45,12.76,0,0.0
2025-10-02,29,2869,49,37.62,1,45.18
2025-10-02,30,2852,39,19.16,0,0.0
2025-10-02,31,2999,42,23.26,0,0.0
2025-10-02,32,3185,51,11.81,1,44.37
2025-10-02,33,1698,18,7.87,0,0.0
2025-10-02,34,1448,19,14.48,0,0.0
2025-10-02,35,1370,17,8.79,0,0.0
2025-10-02,36,1994,29,6.81,1,255.24
2025-10-03,1,5792,109,89.2,2,94.03
2025-10-03,2,8126,122,122.93,2,327.8
2025-10-03,3,4477,93,138.69,2,234.26
2025-10-03,4,5297,95,131.52,2,144.93
2025-10-03,5,2828,100,51.45,3,378.95
2025-10-03,6,2747,85,59.38,3,482.11
2025-10-03,7,4081,121,178.8,3,480.59
2025-10-03,8,3113,89,54.15,2,280.53
2025-10-03,9,1580,33,25.86,1,141.99
2025-10-03,10,1569,45,65.15,2,190.5
2025-10-03,11,2535,60,31.04,4,524.29
2025-10-03,12,1894,42,42.02,2,165.12
2025-10-03,13,4372,49,33.32,0,0.0
2025-10-03,14,5251,70,56.63,1,166.59
2025-10-03,15,6197,94,86.39,1,145.16
2025-10-03,16,7784,122,121.78,2,290.13
2025-10-03,17,3027,77,42.74,2,335.07
2025-10-03,18,3171,67,46.06,1,155.26
2025-10-03,19,1137,25,9.49,0,0.0
2025-10-03,20,2160,39,21.72,1,243.48
2025-10-03,21,1689,27,10.33,1,84.15
2025-10-03,22,2307,43,35.26,2,312.81
2025-10-03,23,2022,41,13.81,2,232.06
2025-10-03,24,2129,43,22.18,1,153.17
2025-10-03,25,5810,49,24.84,0,0.0
2025-10-03,26,5655,55,25.89,0,0.0
2025-10-03,27,7020,73,16.56,1,162.43
2025-10-03,28,4766,40,13.16,0,0.0
2025-10-03,29,3648,57,20.65,1,44.0
2025-10-03,30,2742,48,36.04,0,0.0
2025-10-03,31,2798,37,20.73,0,0.0
2025-10-03,32,2448,32,14.41,0,0.0
2025-10-03,33,1670,22,16.31,0,0.0
2025-10-03,34,1925,27,9.13,1,237.07
2025-10-03,35,2124,28,9.38,1,52.92
2025-10-03,36,1710,21,6.05,1,209.54
2025-10-04,1,4025,59,56.82,1,39.62
2025-10-04,2,4115,84,49.93,1,164.67
2025-10-04,3,5519,99,134.49,2,222.77
2025-10-04,4,5658,95,125.56,2,160.57
2025-10-04,5,2138,56,44.99,2,252.52
2025-10-04,6,2315,79,59.68,2,346.3
2025-10-04,7,2242,58,79.8,2,289.84
2025-10-04,8,2112,56,71.56,1,161.01
2025-10-04,9,1750,42,35.51,2,273.49
2025-10-04,10,1670,48,33.86,3,255.66
2025-10-04,11,1976,54,30.52,3,410.59
2025-10-04,12,1715,39,42.12,2,169.73
2025-10-04,13,5481,60,28.17,1,129.92
2025-10-04,14,5600,83,66.8,1,175.05
2025-10-04,15,4014,51,17.1,0,0.0
2025-10-04,16,3262,50,31.32,0,0.0
2025-10-04,17,2636,69,22.79,1,196.75
2025-10-04,18,2411,58,47.39,1,134.49
2025-10-04,19,2317,52,24.64,1,127.97
2025-10-04,20,2147,56,33.34,1,244.14
2025-10-04,21,1541,32,19.05,1,86.74
2025-10-04,22,1721,33,14.56,1,140.59
2025-10-04,23,1502,25,22.06,1,134.32
2025-10-04,24,1589,28,24.76,1,166.15
2025-10-04,25,4007,38,16.57,0,0.0
2025-10-04,26,4110,38,12.3,0,0.0
2025-10-04,27,4621,42,29.8,0,0.0
2025-10-04,28,6254,61,35.72,0,0.0
2025-10-04,29,2428,35,20.79,0,0.0
2025-10-04,30,2414,32,24.93,0,0.0
2025-10-04,31,1967,34,18.83,0,0.0
2025-10-04,32,2718,42,26.92,0,0.0
2025-10-04,33,1688,25,6.03,1,175.32
2025-10-04,34,1608,18,12.87,0,0.0
2025-10-04,35,1611,23,5.95,0,0.0
2025-10-04,36,2221,32,23.25,1,217.98
2025-10-05,1,4760,77,45.34,1,38.46
2025-10-05,2,5468,91,96.38,2,317.42
2025-10-05,3,3545,58,76.04,1,113.03
2025-10-05,4,5634,107,133.02,1,85.79
2025-10-05,5,2425,64,92.33,2,273.41
2025-10-05,6,2244,81,85.48,3,460.64
2025-10-05,7,2455,67,82.61,2,301.5
2025-10-05,8,2384,61,62.3,2,339.2
2025-10-05,9,1795,52,38.04,2,299.92
2025-10-05,10,1538,33,38.94,2,195.06
2025-10-05,11,1512,31,39.31,1,134.98
2025-10-05,12,1281,37,50.5,2,186.05
2025-10-05,13,3976,62,22.68,1,137.85
2025-10-05,14,4874,73,21.93,1,163.85
2025-10-05,15,5198,83,53.36,1,145.09
2025-10-05,16,4351,64,39.68,0,0.0
2025-10-05,17,2632,54,25.75,1,178.74
2025-10-05,18,2317,64,40.23,2,255.37
2025-10-05,19,2097,52,41.13,1,148.53
2025-10-05,20,2845,54,16.5,1,244.92
2025-10-05,21,1710,27,10.91,1,76.56
2025-10-05,22,1069,18,11.8,0,0.0
2025-10-05,23,1991,40,27.09,2,224.7
2025-10-05,24,2700,50,27.49,2,339.55
2025-10-05,25,5407,48,37.28,0,0.0
2025-10-05,26,4220,40,21.24,0,0.0
2025-10-05,27,4964,43,22.23,0,0.0
2025-10-05,28,5211,38,15.96,0,0.0
2025-10-05,29,2344,39,30.33,0,0.0
2025-10-05,30,1965,26,10.1,0,0.0
2025-10-05,31,2549,38,29.76,0,0.0
2025-10-05,32,2584,32,17.89,0,0.0
2025-10-05,33,1452,16,10.83,0,0.0
2025-10-05,34,1601,23,11.25,1,251.21
2025-10-05,35,1615,20,11.92,0,0.0
2025-10-05,36,960,10,6.05,0,0.0
2025-10-06,1,5894,112,76.63,2,77.64
2025-10-06,2,4568,95,68.36,1,157.34
2025-10-06,3,7233,138,193.14,2,197.32
2025-10-06,4,5885,105,66.19,1,85.39
2025-10-06,5,2388,63,44.32,2,279.65
2025-10-06,6,2662,72,105.63,2,316.6
2025-10-06,7,2288,84,57.66,2,322.48
2025-10-06,8,2478,83,93.94,2,304.52
2025-10-06,9,1741,40,47.86,2,260.64
2025-10-06,10,2316,61,49.32,4,310.23
2025-10-06,11,1888,46,54.98,2,265.29
2025-10-06,12,2121,48,44.06,3,268.84
2025-10-06,13,6594,100,38.56,1,123.66
2025-10-06,14,5486,73,33.18,1,184.62
2025-10-06,15,3040,44,32.8,0,0.0
2025-10-06,16,5894,80,68.22,1,131.98
2025-10-06,17,3140,64,55.6,1,197.2
2025-10-06,18,2009,47,22.18,1,162.69
2025-10-06,19,2970,81,50.43,2,287.66
2025-10-06,20,1309,27,22.45,0,0.0
2025-10-06,21,1743,36,22.0,1,84.64
2025-10-06,22,2286,42,32.68,1,153.66
2025-10-06,23,2284,39,38.29,2,223.26
2025-10-06,24,2125,39,18.11,1,155.54
2025-10-06,25,5644,52,31.69,0,0.0
2025-10-06,26,7010,61,16.59,0,0.0
2025-10-06,27,6638,54,18.62,0,0.0
2025-10-06,28,4144,38,13.68,0,0.0
2025-10-06,29,3297,56,19.29,1,49.75
2025-10-06,30,3098,56,15.39,1,73.07
2025-10-06,31,2035,31,23.65,0,0.0
2025-10-06,32,2883,42,21.38,0,0.0
2025-10-06,33,2042,21,5.89,0,0.0
2025-10-06,34,2012,28,5.6,1,233.45
2025-10-06,35,1756,18,11.39,0,0.0
2025-10-06,36,1550,16,11.79,0,0.0
2025-10-07,1,3811,80,52.21,1,40.63
2025-10-07,2,5753,119,130.7,2,392.48
2025-10-07,3,4586,78,102.17,1,102.34
2025-10-07,4,4550,73,109.08,1,90.12
2025-10-07,5,2666,70,56.44,2,261.85
2025-10-07,6,3061,102,111.97,3,453.01
2025-10-07,7,2180,63,34.88,2,293.71
2025-10-07,8,2978,109,138.46,3,464.31
2025-10-07,9,1650,37,22.74,1,149.58
2025-10-07,10,2134,45,40.8,3,243.94
2025-10-07,11,1686,39,27.46,2,267.43
2025-10-07,12,1923,47,31.32,2,195.38
2025-10-07,13,4706,66,29.94,1,138.49
2025-10-07,14,6532,101,56.23,1,152.9
2025-10-07,15,5823,95,70.3,1,122.32
2025-10-07,16,6104,77,29.96,1,133.26
2025-10-07,17,3856,105,100.29,2,379.36
2025-10-07,18,2350,61,43.34,1,149.08
2025-10-07,19,2403,67,48.11,1,132.3
2025-10-07,20,4079,77,23.56,2,413.57
2025-10-07,21,1406,26,8.87,1,81.0
2025-10-07,22,2320,45,38.43,2,307.9
2025-10-07,23,2364,48,26.8,2,250.59
2025-10-07,24,2286,41,18.31,2,354.92
2025-10-07,25,5979,47,32.31,0,0.0
2025-10-07,26,4567,44,19.56,0,0.0
2025-10-07,27,7059,71,24.85,0,0.0
2025-10-07,28,6302,66,20.21,1,215.47
2025-10-07,29,3116,49,34.64,0,0.0
2025-10-07,30,2726,46,24.9,1,81.25
2025-10-07,31,3141,56,30.88,1,84.33
2025-10-07,32,2155,35,24.31,0,0.0
2025-10-07,33,2632,31,22.43,1,174.49
2025-10-07,34,1880,29,11.86,1,196.22
2025-10-07,35,1735,23,16.04,0,0.0
2025-10-07,36,2048,21,15.27,0,0.0
2025-10-08,1,4944,108,106.67,1,38.01
2025-10-08,2,6053,94,58.48,1,174.26
2025-10-08,3,6307,127,127.9,2,246.31
2025-10-08,4,6274,95,118.18,2,175.24
2025-10-08,5,3108,82,74.21,3,370.58
2025-10-08,6,2995,93,133.64,2,353.0
2025-10-08,7,2316,66,82.71,1,148.68
2025-10-08,8,3277,87,49.15,2,305.91
2025-10-08,9,1710,49,33.76,3,457.64
2025-10-08,10,2062,60,64.43,4,329.68
2025-10-08,11,2235,68,88.7,3,358.26
2025-10-08,12,1592,36,18.15,2,170.24
2025-10-08,13,6618,80,62.41,1,139.0
2025-10-08,14,8411,122,76.7,2,367.85
2025-10-08,15,4943,60,19.27,1,136.15
2025-10-08,16,5901,83,40.21,1,133.04
2025-10-08,17,2936,66,29.99,2,405.49
2025-10-08,18,2969,57,19.47,1,145.24
2025-10-08,19,3396,73,51.55,2,282.7
2025-10-08,20,2444,59,36.43,1,235.73
2025-10-08,21,1721,33,30.8,2,174.87
2025-10-08,22,2038,35,31.76,1,128.25
2025-10-08,23,2044,32,15.47,1,113.84
2025-10-08,24,1611,26,22.15,1,188.74
2025-10-08,25,5936,47,18.19,0,0.0
2025-10-08,26,5754,42,20.35,0,0.0
2025-10-08,27,5485,41,21.09,0,0.0
2025-10-08,28,4897,40,18.82,0,0.0
2025-10-08,29,3110,49,18.54,1,50.99
2025-10-08,30,3285,48,32.48,1,89.28
2025-10-08,31,2367,34,9.1,0,0.0
2025-10-08,32,3280,46,13.18,1,44.76
2025-10-08,33,1555,24,14.0,0,0.0
2025-10-08,34,1859,20,7.46,0,0.0
2025-10-08,35,2149,30,15.26,1,47.6
2025-10-08,36,1454,21,8.83,1,234.48
2025-10-09,1,5382,116,169.88,2,84.69
2025-10-09,2,5517,103,107.19,2,375.92
2025-10-09,3,6134,114,161.68,2,220.25
2025-10-09,4,6478,105,135.43,2,150.46
2025-10-09,5,3063,108,101.33,4,597.16
2025-10-09,6,2691,74,81.43,2,294.43
2025-10-09,7,2271,81,50.36,3,440.4
2025-10-09,8,2355,65,93.61,2,274.61
2025-10-09,9,2102,62,85.44,3,448.65
2025-10-09,10,1136,28,32.43,2,181.53
2025-10-09,11,2677,56,76.93,3,375.69
2025-10-09,12,1213,32,16.73,2,185.36
2025-10-09,13,4218,62,45.0,0,0.0
2025-10-09,14,4995,76,45.45,1,193.51
2025-10-09,15,4363,65,56.73,1,114.82
2025-10-09,16,7085,108,66.45,1,156.83
2025-10-09,17,3644,92,36.93,2,336.35
2025-10-09,18,2979,60,58.97,1,132.2
2025-10-09,19,1644,34,16.73,0,0.0
2025-10-09,20,1865,52,19.9,1,228.6
2025-10-09,21,2169,45,27.83,2,148.4
2025-10-09,22,1477,25,19.72,1,130.05
2025-10-09,23,1851,39,26.18,2,244.38
2025-10-09,24,2144,50,19.14,2,327.02
2025-10-09,25,6327,58,39.28,0,0.0
2025-10-09,26,6871,52,17.44,0,0.0
2025-10-09,27,5587,51,38.61,0,0.0
2025-10-09,28,6125,66,30.53,0,0.0
2025-10-09,29,3386,49,26.05,1,46.45
2025-10-09,30,3237,52,24.01,1,92.01
2025-10-09,31,3344,44,33.23,0,0.0
2025-10-09,32,2762,41,13.27,0,0.0
2025-10-09,33,1776,24,10.37,1,165.17
2025-10-09,34,1492,16,7.55,0,0.0
2025-10-09,35,2097,23,8.42,0,0.0
2025-10-09,36,1475,15,10.16,0,0.0
2025-10-10,1,4339,68,57.26,1,44.92
2025-10-10,2,2767,42,51.22,0,0.0
2025-10-10,3,6768,139,181.73,2,242.39
2025-10-10,4,6197,103,151.77,2,139.88
2025-10-10,5,4245,132,193.8,4,564.4
2025-10-10,6,2706,82,85.96,2,282.52
2025-10-10,7,2944,98,80.48,3,394.88
2025-10-10,8,2823,90,133.64,3,416.96
2025-10-10,9,891,20,29.77,1,139.61
2025-10-10,10,2144,50,45.87,2,191.68
2025-10-10,11,1640,51,61.0,3,409.87
2025-10-10,12,1491,39,50.08,2,189.67
2025-10-10,13,5448,86,30.19,1,144.45
2025-10-10,14,8926,139,122.1,2,357.97
2025-10-10,15,4998,62,50.98,1,135.57
2025-10-10,16,6861,76,29.27,1,147.62
2025-10-10,17,2104,53,47.15,1,193.79
2025-10-10,18,3134,62,32.99,1,156.35
2025-10-10,19,2582,72,69.26,1,120.46
2025-10-10,20,3194,75,73.02,2,476.24
2025-10-10,21,2008,43,16.51,2,165.55
2025-10-10,22,1802,30,12.17,1,130.26
2025-10-10,23,2088,39,14.97,1,125.52
2025-10-10,24,2304,48,45.62,2,366.61
2025-10-10,25,7643,65,28.87,1,145.54
2025-10-10,26,5614,61,28.77,0,0.0
2025-10-10,27,5399,52,28.33,0,0.0
2025-10-10,28,5144,45,16.89,0,0.0
2025-10-10,29,3370,54,13.22,1,43.87
2025-10-10,30,3036,49,29.8,1,73.69
2025-10-10,31,3462,59,42.34,1,73.41
2025-10-10,32,2802,50,35.75,1,49.45
2025-10-10,33,1506,22,14.59,0,0.0
2025-10-10,34,1401,17,10.59,0,0.0
2025-10-10,35,1810,19,8.24,0,0.0
2025-10-10,36,2320,26,13.53,1,241.16
2025-10-11,1,4190,76,50.98,1,45.42
2025-10-11,2,4410,91,123.55,2,318.34
2025-10-11,3,5599,86,50.8,2,232.92
2025-10-11,4,5271,93,112.97,2,163.06
2025-10-11,5,2517,68,98.45,2,251.55
2025-10-11,6,2169,83,75.17,2,279.72
2025-10-11,7,2146,61,51.25,1,126.0
2025-10-11,8,3001,80,82.09,3,457.71
2025-10-11,9,1607,50,42.54,3,436.49
2025-10-11,10,941,22,31.05,1,78.75
2025-10-11,11,1303,35,52.4,2,289.88
2025-10-11,12,1705,51,63.55,2,195.87
2025-10-11,13,3801,43,22.48,0,0.0
2025-10-11,14,4157,67,51.51,1,154.52
2025-10-11,15,3782,43,32.23,0,0.0
2025-10-11,16,4174,67,60.0,0,0.0
2025-10-11,17,2903,61,29.62,1,173.69
2025-10-11,18,2289,57,26.22,1,148.17
2025-10-11,19,2624,59,42.02,1,148.81
2025-10-11,20,2091,43,20.49,1,230.12
2025-10-11,21,1742,37,15.17,2,175.05
2025-10-11,22,1744,40,26.04,2,267.8
2025-10-11,23,1723,34,13.57,2,228.59
2025-10-11,24,1940,34,14.08,1,179.45
2025-10-11,25,5130,53,33.49,0,0.0
2025-10-11,26,5943,60,27.66,0,0.0
2025-10-11,27,4987,37,20.34,0,0.0
2025-10-11,28,5923,55,36.64,0,0.0
2025-10-11,29,1820,33,11.06,0,0.0
2025-10-11,30,2322,40,27.04,0,0.0
2025-10-11,31,3221,45,15.62,1,71.96
2025-10-11,32,2260,40,29.13,0,0.0
2025-10-11,33,1236,14,11.08,0,0.0
2025-10-11,34,2137,26,9.41,1,220.01
2025-10-11,35,1939,30,12.91,1,46.27
2025-10-11,36,1366,21,15.98,0,0.0
2025-10-12,1,2922,55,82.37,1,40.9
2025-10-12,2,4366,95,80.44,2,394.24
2025-10-12,3,5882,125,142.0,3,310.89
2025-10-12,4,3364,70,88.04,1,74.39
2025-10-12,5,2825,92,77.73,2,270.61
2025-10-12,6,2918,80,57.91,2,351.12
2025-10-12,7,2661,78,79.22,2,282.79
2025-10-12,8,2105,60,84.67,2,345.26
2025-10-12,9,2029,61,50.66,4,608.51
2025-10-12,10,1786,41,46.92,2,189.89
2025-10-12,11,2036,51,75.18,2,263.33
2025-10-12,12,1692,39,32.79,2,184.97
2025-10-12,13,2805,36,17.99,0,0.0
2025-10-12,14,6586,109,66.55,1,173.2
2025-10-12,15,5837,84,71.29,1,134.09
2025-10-12,16,4369,54,46.04,0,0.0
2025-10-12,17,2548,72,52.71,2,380.57
2025-10-12,18,2043,42,32.91,1,162.28
2025-10-12,19,1916,55,49.65,1,149.93
2025-10-12,20,3005,80,39.47,2,502.9
2025-10-12,21,1551,33,21.8,1,76.18
2025-10-12,22,1946,43,35.89,2,265.94
2025-10-12,23,1671,38,28.31,1,105.01
2025-10-12,24,2024,39,22.09,2,358.88
2025-10-12,25,5177,42,18.14,0,0.0
2025-10-12,26,5173,44,10.21,0,0.0
2025-10-12,27,6817,65,47.07,0,0.0
2025-10-12,28,5311,39,8.11,0,0.0
2025-10-12,29,2253,39,27.47,0,0.0
2025-10-12,30,1590,27,14.74,0,0.0
2025-10-12,31,2318,32,8.21,0,0.0
2025-10-12,32,1960,30,17.23,0,0.0
2025-10-12,33,1958,26,15.18,0,0.0
2025-10-12,34,1556,21,5.57,1,246.79
2025-10-12,35,2070,29,19.03,1,47.98
2025-10-12,36,1548,17,6.12,0,0.0
2025-10-13,1,7783,128,183.39,3,126.33
2025-10-13,2,5504,118,96.62,2,316.37
2025-10-13,3,4837,75,49.95,1,119.26
2025-10-13,4,7410,150,221.69,3,232.85
2025-10-13,5,3355,101,137.91,3,464.18
2025-10-13,6,2983,97,125.74,3,432.22
2025-10-13,7,3963,113,89.58,4,542.39
2025-10-13,8,3634,140,131.06,4,614.78
2025-10-13,9,2225,55,43.94,3,395.56
2025-10-13,10,2253,62,79.57,4,395.71
2025-10-13,11,2004,63,65.79,4,570.06
2025-10-13,12,2267,58,65.29,3,296.83
2025-10-13,13,6868,92,48.74,1,123.38
2025-10-13,14,6007,89,67.79,1,175.91
2025-10-13,15,5871,81,34.29,1,125.6
2025-10-13,16,7196,109,66.89,2,302.44
2025-10-13,17,3357,92,61.45,3,555.5
2025-10-13,18,3082,89,74.32,2,311.22
2025-10-13,19,4021,103,84.46,3,407.67
2025-10-13,20,2447,52,39.07,1,223.17
2025-10-13,21,2729,63,59.83,3,255.57
2025-10-13,22,2025,47,45.87,2,320.83
2025-10-13,23,2162,52,33.16,2,245.19
2025-10-13,24,2225,39,16.28,2,318.1
2025-10-13,25,2769,24,15.56,0,0.0
2025-10-13,26,4847,42,29.11,0,0.0
2025-10-13,27,4593,46,17.9,0,0.0
2025-10-13,28,4454,35,9.76,0,0.0
2025-10-13,29,3456,46,29.63,0,0.0
2025-10-13,30,2783,43,29.44,1,92.5
2025-10-13,31,2867,43,30.64,1,80.56
2025-10-13,32,3203,53,18.31,1,42.39
2025-10-13,33,1942,24,17.6,1,164.15
2025-10-13,34,2574,33,15.02,1,194.38
2025-10-13,35,2097,30,6.21,1,42.04
2025-10-13,36,1845,23,9.75,1,254.73
2025-10-14,1,5618,116,125.93,3,124.04
2025-10-14,2,6870,107,105.75,2,323.33
2025-10-14,3,5304,88,83.17,2,214.81
2025-10-14,4,6479,134,113.65,2,169.14
2025-10-14,5,3395,131,150.06,5,643.74
2025-10-14,6,2143,77,53.53,3,466.67
2025-10-14,7,3437,116,140.46,3,377.67
2025-10-14,8,2890,108,86.71,3,462.3
2025-10-14,9,1822,50,55.38,3,386.85
2025-10-14,10,2428,65,77.45,4,351.26
2025-10-14,11,2155,49,57.68,3,382.2
2025-10-14,12,2453,61,79.17,3,262.84
2025-10-14,13,6754,80,47.72,1,122.33
2025-10-14,14,6263,95,71.46,1,155.03
2025-10-14,15,5671,93,78.68,1,123.5
2025-10-14,16,7122,84,77.43,1,157.66
2025-10-14,17,3031,75,36.04,2,321.22
2025-10-14,18,3058,66,32.76,1,161.97
2025-10-14,19,2985,67,31.04,1,120.24
2025-10-14,20,3721,86,72.44,2,502.52
2025-10-14,21,2637,47,30.06,2,177.43
2025-10-14,22,1974,41,25.21,2,258.3
2025-10-14,23,2270,54,46.31,3,321.99
2025-10-14,24,2665,54,17.14,2,338.81
2025-10-14,25,7386,64,48.05,0,0.0
2025-10-14,26,5483,44,32.48,0,0.0
2025-10-14,27,5086,42,19.46,0,0.0
2025-10-14,28,6672,72,44.81,1,221.24
2025-10-14,29,2364,32,8.96,0,0.0
2025-10-14,30,1734,24,6.32,0,0.0
2025-10-14,31,3631,67,28.99,1,81.08
2025-10-14,32,2480,42,12.29,0,0.0
2025-10-14,33,2883,39,15.13,1,170.71
2025-10-14,34,1651,25,17.7,1,209.15
2025-10-14,35,3102,34,15.01,1,45.45
2025-10-14,36,2432,37,9.76,1,215.92
2025-10-15,1,5501,114,102.02,2,94.87
2025-10-15,2,6806,128,114.76,3,549.5
2025-10-15,3,6490,138,94.36,3,381.48
2025-10-15,4,6121,117,80.48,2,155.23
2025-10-15,5,3370,98,126.85,3,371.17
2025-10-15,6,2883,91,124.36,3,474.17
2025-10-15,7,3695,117,78.22,3,458.64
2025-10-15,8,3953,117,133.93,4,570.28
2025-10-15,9,1121,34,32.74,1,158.1
2025-10-15,10,1525,35,25.64,2,163.14
2025-10-15,11,2061,51,73.6,2,270.59
2025-10-15,12,2306,61,51.39,4,366.21
2025-10-15,13,6493,108,104.55,2,249.1
2025-10-15,14,6454,102,101.97,2,378.06
2025-10-15,15,5957,99,51.92,2,232.94
2025-10-15,16,3480,40,20.08,0,0.0
2025-10-15,17,3450,87,46.02,4,714.66
2025-10-15,18,3332,98,48.9,2,293.97
2025-10-15,19,3147,73,24.56,2,265.44
2025-10-15,20,3432,77,65.72,2,445.54
2025-10-15,21,2738,59,17.77,3,257.16
2025-10-15,22,2408,49,19.03,3,479.03
2025-10-15,23,2031,46,21.61,2,267.06
2025-10-15,24,1751,38,33.38,2,356.68
2025-10-15,25,5730,58,13.08,0,0.0
2025-10-15,26,3562,30,17.11,0,0.0
2025-10-15,27,6167,70,37.01,1,183.97
2025-10-15,28,5339,46,28.77,0,0.0
2025-10-15,29,4152,63,25.67,1,50.1
2025-10-15,30,2618,44,26.93,1,81.04
2025-10-15,31,3491,60,16.25,1,73.92
2025-10-15,32,2362,34,20.35,0,0.0
2025-10-15,33,2531,31,22.65,1,178.99
2025-10-15,34,1585,21,10.17,0,0.0
2025-10-15,35,1876,21,15.52,0,0.0
2025-10-15,36,2080,25,5.6,1,212.55
2025-10-16,1,4245,76,97.73,1,46.95
2025-10-16,2,6874,114,160.99,2,387.83
2025-10-16,3,7800,157,143.69,2,205.76
2025-10-16,4,5817,124,101.64,2,163.88
2025-10-16,5,3106,117,133.85,3,433.97
2025-10-16,6,3698,141,191.73,5,760.27
2025-10-16,7,3319,105,75.22,4,625.18
2025-10-16,8,3140,121,79.31,5,836.06
2025-10-16,9,1722,55,72.58,4,624.17
2025-10-16,10,2861,69,41.8,4,376.53
2025-10-16,11,1886,59,41.46,3,417.85
2025-10-16,12,2178,71,52.09,4,393.87
2025-10-16,13,7430,98,65.01,1,146.42
2025-10-16,14,6337,105,75.3,2,372.78
2025-10-16,15,5320,70,32.23,1,115.73
2025-10-16,16,3804,46,25.27,0,0.0
2025-10-16,17,2661,76,50.11,2,356.32
2025-10-16,18,2382,69,58.14,1,162.42
2025-10-16,19,3781,105,72.38,2,280.0
2025-10-16,20,2616,76,38.88,2,480.7
2025-10-16,21,1373,33,26.32,2,173.79
2025-10-16,22,2191,39,26.62,2,299.97
2025-10-16,23,1797,33,20.88,2,225.11
2025-10-16,24,1818,40,15.73,2,362.28
2025-10-16,25,7983,87,30.17,1,145.99
2025-10-16,26,5653,62,42.43,1,157.65
2025-10-16,27,9507,102,26.47,1,166.55
2025-10-16,28,8034,68,54.2,1,236.39
2025-10-16,29,3828,68,30.38,1,43.77
2025-10-16,30,2809,55,24.11,1,74.25
2025-10-16,31,3052,49,27.29,1,86.14
2025-10-16,32,3743,74,16.39,2,91.39
2025-10-16,33,1904,22,15.98,1,196.07
2025-10-16,34,1583,24,8.1,1,234.35
2025-10-16,35,2402,28,22.33,1,50.22
2025-10-16,36,2026,23,10.68,0,0.0
2025-10-17,1,3305,70,64.22,1,43.4
2025-10-17,2,5780,119,130.93,2,403.27
2025-10-17,3,6192,117,173.12,2,226.21
2025-10-17,4,6052,137,103.34,2,153.47
2025-10-17,5,3731,143,116.87,5,643.15
2025-10-17,6,2849,104,109.07,3,493.23
2025-10-17,7,2535,70,92.69,2,282.88
2025-10-17,8,3541,140,189.17,6,908.9
2025-10-17,9,1851,52,57.0,3,419.31
2025-10-17,10,2226,72,39.74,4,327.99
2025-10-17,11,2589,64,45.15,4,491.27
2025-10-17,12,2047,63,77.69,4,359.04
2025-10-17,13,5052,69,40.01,1,155.04
2025-10-17,14,5231,63,48.93,1,192.89
2025-10-17,15,9376,139,88.78,2,232.75
2025-10-17,16,6586,106,79.59,1,139.44
2025-10-17,17,2962,86,43.68,2,358.4
2025-10-17,18,3670,89,44.59,2,271.48
2025-10-17,19,2606,56,39.66,1,151.39
2025-10-17,20,3180,75,22.65,2,456.84
2025-10-17,21,2584,48,14.58,2,165.24
2025-10-17,22,2214,39,30.99,2,296.24
2025-10-17,23,2159,53,21.37,3,364.92
2025-10-17,24,2658,61,20.91,3,491.43
2025-10-17,25,6272,55,11.13,0,0.0
2025-10-17,26,6220,50,36.31,0,0.0
2025-10-17,27,7371,71,25.86,1,172.9
2025-10-17,28,7213,58,19.39,0,0.0
2025-10-17,29,3848,54,20.16,1,51.17
2025-10-17,30,2212,32,6.59,0,0.0
2025-10-17,31,4087,76,45.34,1,89.89
2025-10-17,32,3625,64,35.66,1,51.72
2025-10-17,33,1489,16,7.58,0,0.0
2025-10-17,34,2152,35,13.39,1,241.61
2025-10-17,35,2131,24,18.91,1,52.37
2025-10-17,36,1723,20,10.62,1,216.11
2025-10-18,1,4960,112,123.56,2,77.73
2025-10-18,2,8080,132,148.62,3,545.52
2025-10-18,3,4764,82,51.67,1,102.9
2025-10-18,4,4613,103,118.87,2,148.75
2025-10-18,5,3046,94,136.8,3,415.21
2025-10-18,6,3259,101,72.0,3,481.02
2025-10-18,7,2443,91,80.04,3,460.24
2025-10-18,8,2661,88,72.08,3,445.15
2025-10-18,9,2584,74,102.45,4,541.44
2025-10-18,10,2152,71,92.38,4,372.76
2025-10-18,11,1998,63,91.18,3,372.51
2025-10-18,12,931,27,39.14,1,84.42
2025-10-18,13,5659,93,92.15,1,150.12
2025-10-18,14,7967,134,54.94,2,358.59
2025-10-18,15,4088,67,57.31,1,139.56
2025-10-18,16,4965,61,37.57,1,131.77
2025-10-18,17,2476,70,45.72,1,195.62
2025-10-18,18,2970,68,49.47,2,304.69
2025-10-18,19,3352,69,59.49,2,269.03
2025-10-18,20,2051,60,59.76,1,203.12
2025-10-18,21,1938,45,38.55,2,140.91
2025-10-18,22,1843,41,22.12,2,251.74
2025-10-18,23,1895,32,27.31,2,235.77
2025-10-18,24,1291,22,14.25,1,182.92
2025-10-18,25,4632,45,29.67,0,0.0
2025-10-18,26,6595,74,30.9,1,150.16
2025-10-18,27,5936,48,17.83,0,0.0
2025-10-18,28,5894,47,22.68,0,0.0
2025-10-18,29,3355,63,24.2,1,53.33
2025-10-18,30,1932,31,23.54,0,0.0
2025-10-18,31,2635,40,30.63,0,0.0
2025-10-18,32,2717,45,11.29,0,0.0
2025-10-18,33,1740,20,15.62,1,192.8
2025-10-18,34,1249,19,5.3,0,0.0
2025-10-18,35,2095,33,6.77,1,48.94
2025-10-18,36,1719,22,4.71,0,0.0
2025-10-19,1,5921,127,145.94,3,139.69
2025-10-19,2,6940,162,173.13,3,531.81
2025-10-19,3,4074,66,47.73,1,124.5
2025-10-19,4,7149,138,188.12,3,235.83
2025-10-19,5,2588,85,78.74,3,470.99
2025-10-19,6,2407,92,56.08,2,315.72
2025-10-19,7,2449,86,121.56,3,408.74
2025-10-19,8,3191,116,88.19,4,556.05
2025-10-19,9,2270,56,62.21,3,401.76
2025-10-19,10,1946,56,80.87,3,240.73
2025-10-19,11,1499,47,43.95,2,233.6
2025-10-19,12,2175,56,29.9,4,388.8
2025-10-19,13,6051,78,69.92,1,129.6
2025-10-19,14,4566,56,32.24,1,167.08
2025-10-19,15,6331,77,73.62,1,133.89
2025-10-19,16,5210,75,66.26,1,160.5
2025-10-19,17,1911,49,47.6,1,183.4
2025-10-19,18,3025,70,65.95,2,322.59
2025-10-19,19,2160,48,20.73,1,143.97
2025-10-19,20,2941,69,27.4,2,472.95
2025-10-19,21,1250,21,20.55,1,82.79
2025-10-19,22,1819,37,36.36,1,142.44
2025-10-19,23,1687,29,8.76,1,123.78
2025-10-19,24,1961,39,34.4,2,389.84
2025-10-19,25,7105,63,49.42,0,0.0
2025-10-19,26,4794,51,31.89,0,0.0
2025-10-19,27,5020,49,19.98,0,0.0
2025-10-19,28,6460,64,30.39,1,203.91
2025-10-19,29,2639,35,24.52,0,0.0
2025-10-19,30,1589,22,14.43,0,0.0
2025-10-19,31,3166,58,19.98,1,83.23
2025-10-19,32,2525,36,13.31,1,46.28
2025-10-19,33,1333,17,6.59,0,0.0
2025-10-19,34,2178,29,8.89,1,229.11
2025-10-19,35,1132,13,3.8,0,0.0
2025-10-19,36,1953,23,14.1,1,228.85
2025-10-20,1,4401,98,129.15,2,77.46
2025-10-20,2,8523,155,214.86,4,694.95
2025-10-20,3,7826,152,193.42,3,356.88
2025-10-20,4,6169,123,96.12,3,256.43
2025-10-20,5,2639,94,125.99,2,312.37
2025-10-20,6,2165,64,71.0,2,347.77
2025-10-20,7,2460,87,107.32,2,291.04
2025-10-20,8,3467,118,68.86,4,655.7
2025-10-20,9,1889,62,34.14,5,717.62
2025-10-20,10,1688,48,31.87,3,242.37
2025-10-20,11,2317,71,79.2,4,491.19
2025-10-20,12,1429,36,26.1,2,190.78
2025-10-20,13,8141,121,71.54,2,273.35
2025-10-20,14,6508,96,68.62,2,308.46
2025-10-20,15,7001,122,121.15,2,226.37
2025-10-20,16,9020,138,114.52,3,414.84
2025-10-20,17,4567,97,45.39,4,674.58
2025-10-20,18,2785,70,55.15,2,262.26
2025-10-20,19,2486,71,54.11,2,284.92
2025-10-20,20,3283,70,69.51,2,493.01
2025-10-20,21,2514,47,28.16,3,255.15
2025-10-20,22,1730,29,28.54,1,126.02
2025-10-20,23,3830,89,71.99,4,464.28
2025-10-20,24,2686,58,47.57,3,593.33
2025-10-20,25,9365,97,66.27,1,145.0
2025-10-20,26,5476,53,29.77,0,0.0
2025-10-20,27,6986,76,29.78,1,182.98
2025-10-20,28,7486,60,33.92,1,214.14
2025-10-20,29,3148,49,30.34,1,51.2
2025-10-20,30,3410,52,14.04,1,81.42
2025-10-20,31,3123,59,24.8,1,73.11
2025-10-20,32,3368,51,26.42,1,46.11
2025-10-20,33,2212,25,14.56,1,158.57
2025-10-20,34,1737,22,10.95,0,0.0
2025-10-20,35,2390,38,9.35,1,52.71
2025-10-20,36,1854,27,18.91,1,253.91
2025-10-21,1,9799,165,169.0,3,115.53
2025-10-21,2,7820,157,203.08,3,569.72
2025-10-21,3,6026,132,86.95,4,472.15
2025-10-21,4,4522,85,89.39,2,170.09
2025-10-21,5,4186,150,169.32,5,771.69
2025-10-21,6,3391,118,118.31,3,501.64
2025-10-21,7,3804,134,135.22,5,773.78
2025-10-21,8,3003,106,83.47,4,660.12
2025-10-21,9,2550,58,38.84,3,419.73
2025-10-21,10,2083,65,47.34,4,366.75
2025-10-21,11,1860,56,44.92,3,414.84
2025-10-21,12,2698,67,99.76,5,499.51
2025-10-21,13,5428,72,24.73,1,123.36
2025-10-21,14,5874,89,37.11,1,154.88
2025-10-21,15,3428,57,19.82,1,129.67
2025-10-21,16,9821,152,112.06,2,307.26
2025-10-21,17,3164,84,70.44,2,405.22
2025-10-21,18,3469,76,63.76,2,313.02
2025-10-21,19,5031,143,138.55,3,457.52
2025-10-21,20,2998,63,25.96,2,398.89
2025-10-21,21,2350,54,37.27,3,236.09
2025-10-21,22,2438,45,24.06,2,293.96
2025-10-21,23,2300,42,16.24,2,262.68
2025-10-21,24,2133,40,32.81,2,393.27
2025-10-21,25,7536,63,30.5,0,0.0
2025-10-21,26,5575,53,38.6,0,0.0
2025-10-21,27,6093,54,18.79,0,0.0
2025-10-21,28,6853,62,37.19,0,0.0
2025-10-21,29,2359,45,17.13,1,43.43
2025-10-21,30,3114,47,14.07,1,92.48
2025-10-21,31,2837,54,28.89,1,83.65
2025-10-21,32,3171,48,25.91,1,48.0
2025-10-21,33,2117,29,7.31,1,172.28
2025-10-21,34,1315,19,5.84,1,203.16
2025-10-21,35,2386,30,8.53,1,51.87
2025-10-21,36,2316,27,10.36,1,224.17
2025-10-22,1,6476,120,163.44,2,76.12
2025-10-22,2,4941,86,110.94,2,371.09
2025-10-22,3,9006,205,225.34,6,730.81
2025-10-22,4,5191,95,121.58,2,165.66
2025-10-22,5,2692,81,83.01,3,453.22
2025-10-22,6,2537,94,54.98,3,452.23
2025-10-22,7,4134,157,146.96,5,671.3
2025-10-22,8,2741,80,64.01,3,479.88
2025-10-22,9,1411,40,37.02,2,248.66
2025-10-22,10,1559,37,34.21,2,197.33
2025-10-22,11,2625,79,63.16,4,539.41
2025-10-22,12,2032,66,88.16,5,390.45
2025-10-22,13,5625,86,47.01,1,145.17
2025-10-22,14,6458,92,89.07,1,172.1
2025-10-22,15,7641,127,106.2,2,278.39
2025-10-22,16,7043,88,34.11,1,128.0
2025-10-22,17,2730,73,65.31,2,407.35
2025-10-22,18,2293,60,40.18,1,127.82
2025-10-22,19,2155,50,36.01,1,140.25
2025-10-22,20,2765,62,57.4,1,210.05
2025-10-22,21,2202,52,30.09,2,142.03
2025-10-22,22,2179,49,47.18,3,414.88
2025-10-22,23,2494,48,38.75,2,256.84
2025-10-22,24,1963,38,18.68,2,321.81
2025-10-22,25,8340,71,19.25,0,0.0
2025-10-22,26,7965,90,58.74,1,164.14
2025-10-22,27,5819,54,15.07,0,0.0
2025-10-22,28,7642,81,48.67,1,210.82
2025-10-22,29,3323,67,27.68,1,48.98
2025-10-22,30,3452,67,53.06,1,90.57
2025-10-22,31,3242,51,29.76,1,78.89
2025-10-22,32,2501,39,11.61,0,0.0
2025-10-22,33,2303,35,13.54,1,155.84
2025-10-22,34,2306,26,16.52,1,219.58
2025-10-22,35,1192,14,3.9,0,0.0
2025-10-22,36,1845,28,12.38,1,215.23
2025-10-23,1,7731,167,172.59,4,178.68
2025-10-23,2,5984,114,141.2,2,402.59
2025-10-23,3,6897,128,164.72,4,507.46
2025-10-23,4,6659,123,118.91,3,256.6
2025-10-23,5,2891,90,110.11,4,536.13
2025-10-23,6,3877,116,169.08,4,560.7
2025-10-23,7,3336,111,156.43,4,556.72
2025-10-23,8,2091,70,94.89,2,346.57
2025-10-23,9,1855,43,40.65,3,424.03
2025-10-23,10,2526,78,61.63,6,497.22
2025-10-23,11,2951,98,116.88,7,917.4
2025-10-23,12,1674,56,36.17,4,362.67
2025-10-23,13,7437,115,74.74,2,278.79
2025-10-23,14,7648,125,70.26,2,337.95
2025-10-23,15,8092,98,36.32,1,140.26
2025-10-23,16,4421,70,30.09,1,136.02
2025-10-23,17,3325,69,65.27,2,354.16
2025-10-23,18,2097,61,21.18,1,157.81
2025-10-23,19,4572,108,74.79,3,446.94
2025-10-23,20,1902,55,37.18,1,210.81
2025-10-23,21,1537,38,29.23,1,84.8
2025-10-23,22,2020,44,23.96,2,289.94
2025-10-23,23,1969,45,22.75,3,313.2
2025-10-23,24,3598,69,43.84,4,696.43
2025-10-23,25,6432,64,32.31,1,156.72
2025-10-23,26,4997,48,10.06,0,0.0
2025-10-23,27,5809,68,40.89,1,173.66
2025-10-23,28,7922,69,18.48,1,199.01
2025-10-23,29,3915,56,20.96,1,45.0
2025-10-23,30,3729,58,43.55,1,72.74
2025-10-23,31,4771,96,46.38,2,151.18
2025-10-23,32,2196,43,30.19,0,0.0
2025-10-23,33,2860,44,14.82,2,320.34
2025-10-23,34,2677,41,17.15,1,215.8
2025-10-23,35,3141,46,25.84,1,50.12
2025-10-23,36,2651,42,21.63,2,407.82
2025-10-24,1,7525,157,102.19,4,155.48
2025-10-24,2,5799,140,102.29,3,575.58
2025-10-24,3,7848,165,197.06,3,343.71
2025-10-24,4,5152,120,90.38,2,174.67
2025-10-24,5,2311,68,38.49,2,263.78
2025-10-24,6,3047,105,72.02,3,429.98
2025-10-24,7,4335,131,154.5,4,599.1
2025-10-24,8,3111,92,90.49,3,481.36
2025-10-24,9,2765,75,47.7,4,618.42
2025-10-24,10,2387,59,34.54,5,397.8
2025-10-24,11,1359,46,37.2,2,239.92
2025-10-24,12,2284,71,63.16,5,480.42
2025-10-24,13,7084,114,89.94,1,147.28
2025-10-24,14,7201,111,72.86,2,361.08
2025-10-24,15,8714,118,38.74,2,226.5
2025-10-24,16,5281,66,46.5,1,162.17
2025-10-24,17,2771,74,54.68,1,201.56
2025-10-24,18,2945,86,35.05,2,292.29
2025-10-24,19,2016,57,45.18,2,263.28
2025-10-24,20,3530,73,30.92,2,455.69
2025-10-24,21,2353,47,32.98,2,141.68
2025-10-24,22,2876,55,49.44,3,456.48
2025-10-24,23,2039,51,19.39,3,324.74
2025-10-24,24,2386,53,31.46,3,528.09
2025-10-24,25,10148,100,70.64,1,147.11
2025-10-24,26,4418,39,26.06,0,0.0
2025-10-24,27,6488,61,31.58,1,181.86
2025-10-24,28,5589,56,16.26,0,0.0
2025-10-24,29,2301,33,7.41,0,0.0
2025-10-24,30,3063,59,22.0,1,73.44
2025-10-24,31,3532,62,12.88,1,74.26
2025-10-24,32,3249,55,26.29,1,42.76
2025-10-24,33,2271,26,19.87,1,171.78
2025-10-24,34,3031,38,12.78,1,209.46
2025-10-24,35,2356,34,18.54,1,50.06
2025-10-24,36,1764,26,6.58,1,234.64
2025-10-25,1,5134,117,169.76,2,89.53
2025-10-25,2,5528,126,139.39,3,536.79
2025-10-25,3,8014,191,123.86,4,415.05
2025-10-25,4,5365,101,67.75,2,173.47
2025-10-25,5,3290,96,106.58,3,437.91
2025-10-25,6,2969,113,160.03,3,520.48
2025-10-25,7,3099,128,76.8,5,682.94
2025-10-25,8,2803,84,53.41,3,521.43
2025-10-25,9,1425,34,40.64,2,286.38
2025-10-25,10,1823,54,44.99,4,366.16
2025-10-25,11,1834,62,70.53,4,467.85
2025-10-25,12,1562,45,37.78,3,287.25
2025-10-25,13,4777,86,32.75,1,139.77
2025-10-25,14,6139,111,55.8,2,364.5
2025-10-25,15,5684,94,28.92,1,132.4
2025-10-25,16,3697,52,20.43,0,0.0
2025-10-25,17,3361,93,47.38,3,576.01
2025-10-25,18,3307,91,36.97,3,421.39
2025-10-25,19,3798,114,109.57,4,502.53
2025-10-25,20,2083,49,35.44,1,216.71
2025-10-25,21,2808,72,51.55,5,418.48
2025-10-25,22,2272,50,17.91,2,264.98
2025-10-25,23,2047,50,37.6,3,371.6
2025-10-25,24,1880,46,28.9,2,315.09
2025-10-25,25,4956,46,28.49,0,0.0
2025-10-25,26,4826,43,24.44,0,0.0
2025-10-25,27,7005,78,50.3,1,197.04
2025-10-25,28,6871,60,28.81,0,0.0
2025-10-25,29,2905,48,32.84,1,42.44
2025-10-25,30,2647,47,20.55,1,81.28
2025-10-25,31,2402,46,18.02,1,83.36
2025-10-25,32,2764,44,23.44,1,46.72
2025-10-25,33,2411,34,15.85,1,190.0
2025-10-25,34,2184,33,17.22,1,228.58
2025-10-25,35,1683,23,17.1,1,43.56
2025-10-25,36,2102,36,14.59,2,398.62
2025-10-26,1,6860,149,104.62,3,141.31
2025-10-26,2,4793,86,125.56,2,333.8
2025-10-26,3,5941,107,85.45,2,238.49
2025-10-26,4,6455,148,84.86,4,324.69
2025-10-26,5,2736,88,93.91,3,416.98
2025-10-26,6,2254,67,52.62,2,294.26
2025-10-26,7,2556,74,80.31,2,299.9
2025-10-26,8,1531,49,40.53,1,175.79
2025-10-26,9,1951,58,40.51,4,550.16
2025-10-26,10,1931,54,35.86,3,240.82
2025-10-26,11,1816,46,40.35,3,350.38
2025-10-26,12,1919,54,49.74,4,398.27
2025-10-26,13,7105,90,53.71,1,156.59
2025-10-26,14,6202,100,87.08,2,338.77
2025-10-26,15,5175,90,83.85,2,244.32
2025-10-26,16,5737,71,44.48,1,131.12
2025-10-26,17,2263,70,69.22,2,338.53
2025-10-26,18,4513,118,50.29,4,648.87
2025-10-26,19,3687,98,45.5,2,254.36
2025-10-26,20,2346,54,33.21,1,234.9
2025-10-26,21,1906,41,24.42,2,169.81
2025-10-26,22,2003,42,34.75,2,289.55
2025-10-26,23,1515,30,16.35,2,245.12
2025-10-26,24,2124,43,40.25,3,592.15
2025-10-26,25,6338,68,54.38,1,127.97
2025-10-26,26,8461,90,67.59,1,159.76
2025-10-26,27,5922,66,38.89,1,162.64
2025-10-26,28,4548,52,24.64,0,0.0
2025-10-26,29,1789,30,23.64,0,0.0
2025-10-26,30,2808,44,22.87,1,91.61
2025-10-26,31,2781,44,16.54,1,86.45
2025-10-26,32,3295,61,23.65,1,49.5
2025-10-26,33,2597,45,26.08,2,375.73
2025-10-26,34,2003,34,25.8,1,225.42
2025-10-26,35,973,11,6.02,0,0.0
2025-10-26,36,2448,33,8.73,1,229.2
2025-10-27,1,6760,143,177.41,3,137.36
2025-10-27,2,7486,159,124.92,4,631.98
2025-10-27,3,4381,107,58.05,2,214.26
2025-10-27,4,5774,107,154.19,3,250.11
2025-10-27,5,3766,151,160.17,5,684.88
2025-10-27,6,3940,145,207.4,4,602.7
2025-10-27,7,3145,130,137.1,5,775.31
2025-10-27,8,3259,111,65.5,4,705.39
2025-10-27,9,1913,54,33.2,4,624.77
2025-10-27,10,3086,79,80.12,6,528.93
2025-10-27,11,2451,61,70.66,4,462.08
2025-10-27,12,2083,52,70.16,4,394.08
2025-10-27,13,4472,74,64.51,1,145.07
2025-10-27,14,7822,114,44.58,2,374.59
2025-10-27,15,6445,82,51.87,1,129.58
2025-10-27,16,8223,128,112.55,3,463.24
2025-10-27,17,2726,83,34.62,2,372.13
2025-10-27,18,3751,85,48.84,2,283.36
2025-10-27,19,2619,78,33.1,2,277.48
2025-10-27,20,3790,96,94.54,2,390.59
2025-10-27,21,1912,48,43.62,3,249.33
2025-10-27,22,1752,38,28.2,2,302.48
2025-10-27,23,2429,58,38.75,3,386.65
2025-10-27,24,1567,35,20.47,1,153.26
2025-10-27,25,6491,71,42.94,1,132.18
2025-10-27,26,8428,74,37.68,1,164.15
2025-10-27,27,6610,54,30.38,0,0.0
2025-10-27,28,6022,66,16.63,1,216.59
2025-10-27,29,3291,56,14.76,1,41.19
2025-10-27,30,3531,60,33.22,1,89.78
2025-10-27,31,3872,78,53.02,1,73.25
2025-10-27,32,1985,32,25.18,0,0.0
2025-10-27,33,2435,38,30.18,2,352.17
2025-10-27,34,1822,31,11.65,1,224.18
2025-10-27,35,2524,42,9.14,2,98.85
2025-10-27,36,2762,33,7.55,1,224.04
2025-10-28,1,5354,105,141.32,2,96.16
2025-10-28,2,9907,219,321.98,5,869.14
2025-10-28,3,6417,133,112.7,2,201.12
2025-10-28,4,8038,190,228.03,3,234.49
2025-10-28,5,3608,103,124.52,4,559.34
2025-10-28,6,3522,105,65.93,4,572.69
2025-10-28,7,2422,93,110.04,3,458.72
2025-10-28,8,3837,138,169.97,6,894.42
2025-10-28,9,2014,66,65.17,5,730.27
2025-10-28,10,3173,85,51.47,6,560.44
2025-10-28,11,2020,50,37.95,3,389.49
2025-10-28,12,2355,76,83.56,4,388.15
2025-10-28,13,6868,117,90.68,2,263.88
2025-10-28,14,8843,110,38.98,2,324.07
2025-10-28,15,9290,137,77.42,2,231.26
2025-10-28,16,6042,91,85.84,1,139.51
2025-10-28,17,4497,114,83.19,4,824.14
2025-10-28,18,2929,80,48.3,3,444.06
2025-10-28,19,3118,75,57.11,2,302.55
2025-10-28,20,4956,114,55.73,3,726.43
2025-10-28,21,2682,60,49.14,4,305.39
2025-10-28,22,2874,63,55.08,4,608.58
2025-10-28,23,2097,48,32.82,2,244.15
2025-10-28,24,3204,68,33.22,4,695.97
2025-10-28,25,7367,73,41.68,1,125.42
2025-10-28,26,7657,69,23.19,1,186.61
2025-10-28,27,4541,54,17.05,0,0.0
2025-10-28,28,7920,71,49.41,1,206.78
2025-10-28,29,2340,34,8.55,1,41.31
2025-10-28,30,2947,44,24.46,1,86.46
2025-10-28,31,4193,79,60.43,1,76.05
2025-10-28,32,2735,45,16.77,1,45.37
2025-10-28,33,2332,27,7.21,1,154.57
2025-10-28,34,2217,34,18.3,1,244.85
2025-10-28,35,2292,39,11.71,1,46.27
2025-10-28,36,3201,49,12.0,2,502.19
2025-10-29,1,6860,158,116.19,3,121.24
2025-10-29,2,6771,135,131.75,3,546.27
2025-10-29,3,5472,100,53.79,2,224.15
2025-10-29,4,7037,165,91.72,4,291.45
2025-10-29,5,4277,164,173.56,7,1080.71
2025-10-29,6,2859,98,137.99,4,612.72
2025-10-29,7,2561,94,93.7,3,405.67
2025-10-29,8,2760,91,113.32,4,561.34
2025-10-29,9,2253,55,54.22,4,550.18
2025-10-29,10,2547,88,110.37,6,517.82
2025-10-29,11,2898,78,82.75,6,716.92
2025-10-29,12,1289,32,29.72,2,194.18
2025-10-29,13,10176,140,79.38,2,261.89
2025-10-29,14,7663,129,74.07,2,388.26
2025-10-29,15,8387,112,57.53,2,273.12
2025-10-29,16,6616,94,81.55,1,140.1
2025-10-29,17,2775,72,61.53,2,386.52
2025-10-29,18,3866,88,34.67,3,385.03
2025-10-29,19,3449,101,75.35,4,478.52
2025-10-29,20,3304,87,29.18,4,890.18
2025-10-29,21,2542,64,21.86,4,349.05
2025-10-29,22,2394,45,43.44,2,276.52
2025-10-29,23,2913,66,65.7,4,512.32
2025-10-29,24,1717,36,17.39,2,334.09
2025-10-29,25,7428,74,48.65,1,128.12
2025-10-29,26,6574,60,27.53,1,186.19
2025-10-29,27,7761,87,34.6,1,167.39
2025-10-29,28,6949,62,22.53,1,233.35
2025-10-29,29,3694,55,15.57,1,51.12
2025-10-29,30,3420,71,54.31,2,158.75
2025-10-29,31,4766,90,51.62,2,146.23
2025-10-29,32,4267,68,28.84,1,48.57
2025-10-29,33,2732,48,30.55,2,338.07
2025-10-29,34,2581,45,31.76,2,395.6
2025-10-29,35,2038,24,7.33,0,0.0
2025-10-29,36,2142,37,13.15,2,515.7
2025-10-30,1,8412,180,114.73,5,204.89
2025-10-30,2,6901,152,189.06,3,541.08
2025-10-30,3,4958,88,70.88,1,106.0
2025-10-30,4,7001,144,126.52,3,239.92
2025-10-30,5,4173,157,136.53,6,884.05
2025-10-30,6,3592,104,80.27,4,687.99
2025-10-30,7,3840,124,81.49,4,630.81
2025-10-30,8,4429,136,105.77,6,978.62
2025-10-30,9,2300,56,50.28,4,542.94
2025-10-30,10,2060,56,48.76,4,340.37
2025-10-30,11,2406,78,82.02,5,672.17
2025-10-30,12,874,28,22.3,2,194.19
2025-10-30,13,7927,107,51.64,2,305.2
2025-10-30,14,6383,93,33.35,1,184.58
2025-10-30,15,8488,124,117.99,2,247.79
2025-10-30,16,3590,66,21.31,1,139.42
2025-10-30,17,3501,97,52.29,2,368.19
2025-10-30,18,2637,76,66.45,2,308.78
2025-10-30,19,2380,67,55.94,2,258.63
2025-10-30,20,3537,88,72.21,3,741.61
2025-10-30,21,1925,40,18.96,2,156.38
2025-10-30,22,2491,59,36.91,3,391.6
2025-10-30,23,2549,57,53.12,3,363.9
2025-10-30,24,2283,45,36.28,2,339.86
2025-10-30,25,7835,69,29.28,1,149.53
2025-10-30,26,8435,88,20.38,1,168.6
2025-10-30,27,6653,71,45.98,1,179.63
2025-10-30,28,5092,45,16.99,0,0.0
2025-10-30,29,4037,79,61.96,2,104.68
2025-10-30,30,3651,55,16.95,1,77.28
2025-10-30,31,3396,58,14.12,1,72.64
2025-10-30,32,3385,49,13.6,1,47.22
2025-10-30,33,2649,45,13.31,2,330.46
2025-10-30,34,2229,35,25.63,1,238.76
2025-10-30,35,1647,28,18.11,1,48.07
2025-10-30,36,1857,32,11.35,1,202.62
